bag_id,episode_id,animal_id,fold_id,bcs_raw,label5,label3,sampled_frame_count,valid_angle_frame_count,good_angle_frame_count,good_frame_ratio,main_phase,bag_all_angle_median,bag_all_angle_mean,bag_all_angle_std,bag_good_angle_median,bag_good_angle_mean,bag_good_angle_std,bag_good_angle_p10,bag_good_angle_p25,bag_good_angle_p75,bag_good_angle_p90,bag_good_frame_median_angle,bag_good_frame_mean_angle
BCS2__Cow_11,Cow_11,Cow_11,1,2,0,0,504,344,76,0.15079365079365079,entry_or_trunk_with_rump,172.90184020996094,172.4550323486328,1.904322862625122,172.58738708496094,171.91163635253906,2.45511794090271,169.8454132080078,171.67318725585938,173.27294921875,173.80178833007812,172.56683349609375,172.3202667236328
BCS2__Cow_11_1,Cow_11_1,Cow_11,1,2,0,0,52,45,6,0.11538461538461539,entry_or_trunk_with_rump,171.31167602539062,171.2105255126953,1.8819044828414917,170.794677734375,169.63381958007812,4.0697455406188965,162.7679901123047,167.04470825195312,172.2870635986328,174.4732666015625,170.86187744140625,169.71556091308594
BCS2__Cow_11_2,Cow_11_2,Cow_11,1,2,0,0,49,49,40,0.8163265306122449,entry_or_trunk_with_rump,170.1861572265625,169.52737426757812,3.153350830078125,170.07037353515625,169.4563446044922,3.2362284660339355,163.54530334472656,168.39300537109375,171.85784912109375,172.68482971191406,170.79063415527344,170.12054443359375
BCS2__Cow_21_8029,Cow_21_8029,Cow_21,0,2,0,0,61,37,17,0.2786885245901639,head_neck_trunk,166.461181640625,166.98312377929688,4.633126735687256,164.2025909423828,165.06625366210938,3.6725518703460693,160.6482696533203,162.205078125,168.0608367919922,170.57073974609375,164.39080810546875,165.51861572265625
BCS2__Cow_5,Cow_5,Cow_5,2,2,0,0,46,30,2,0.043478260869565216,trunk_dominant,172.046875,171.96514892578125,1.7149109840393066,170.87686157226562,170.92811584472656,1.96268630027771,168.5778045654297,169.259765625,172.54522705078125,173.3809356689453,170.87686157226562,170.87686157226562
BCS2__Cow_5_1,Cow_5_1,Cow_5,2,2,0,0,46,30,10,0.21739130434782608,trunk_head_neck_reversed,170.80294799804688,170.72573852539062,1.713001012802124,171.34860229492188,171.1664276123047,1.3699934482574463,169.5205841064453,169.79652404785156,172.0513916015625,173.3294677734375,170.74078369140625,171.23226928710938
BCS3__Cow_12,Cow_12,Cow_12,1,3,1,0,23,17,0,0.0,trunk_head_neck_reversed,172.432861328125,172.37075805664062,1.1386386156082153,,,,,,,,,
BCS3__Cow_14,Cow_14,Cow_14,1,3,1,0,17,12,4,0.23529411764705882,entry_or_trunk_with_rump,171.02040100097656,167.68881225585938,6.049128532409668,162.63763427734375,163.95382690429688,5.504434585571289,157.5337677001953,158.973388671875,170.67864990234375,171.58067321777344,166.9393768310547,165.8385772705078
BCS3__Cow_14_0011,Cow_14_0011,Cow_14,1,3,1,0,7,6,4,0.5714285714285714,trunk_head_neck_reversed,170.40081787109375,168.85794067382812,4.696054458618164,169.92811584472656,168.3451385498047,4.789602279663086,159.57144165039062,164.66439819335938,171.82554626464844,172.57981872558594,169.81597900390625,168.22129821777344
BCS3__Cow_16,Cow_16,Cow_16,0,3,1,0,44,23,20,0.45454545454545453,entry_or_trunk_with_rump,164.19349670410156,163.9096221923828,4.020463943481445,164.14666748046875,163.83285522460938,3.4850308895111084,159.7786407470703,162.41419982910156,166.11183166503906,168.02154541015625,163.6712188720703,163.41452026367188
BCS3__Cow_16_1,Cow_16_1,Cow_16,0,3,1,0,3,0,0,0.0,head_neck_trunk,,,,,,,,,,,,
BCS3__Cow_16_1004,Cow_16_1004,Cow_16,0,3,1,0,4,3,3,0.75,trunk_dominant,165.8255615234375,163.76690673828125,5.698585033416748,165.8255615234375,163.76690673828125,5.698585033416748,156.53334045410156,157.57533264160156,168.58303833007812,170.4170379638672,167.09588623046875,164.99205017089844
BCS3__Cow_16_2,Cow_16_2,Cow_16,0,3,1,0,4,4,2,0.5,head_neck_trunk,168.5933837890625,166.09747314453125,6.332462310791016,159.30709838867188,163.1121368408203,7.325711250305176,156.3498992919922,156.9165496826172,171.80831909179688,172.9724884033203,164.64361572265625,164.64361572265625
BCS3__Cow_20_0029,Cow_20_0029,Cow_20,2,3,1,0,4,4,4,1.0,entry_or_trunk_with_rump,169.902587890625,167.8179168701172,4.11622428894043,169.902587890625,167.8179168701172,4.11622428894043,162.24679565429688,166.3533477783203,170.58042907714844,170.84703063964844,169.93011474609375,168.26280212402344
BCS3__Cow_22,Cow_22,Cow_22,2,3,1,0,79,63,20,0.25316455696202533,head_neck_trunk,171.0373992919922,170.89402770996094,2.1343371868133545,170.9117431640625,170.55030822753906,2.5424482822418213,166.51715087890625,169.32513427734375,172.68531799316406,173.6980438232422,171.108154296875,170.91238403320312
BCS3__Cow_22_1,Cow_22_1,Cow_22,2,3,1,0,7,7,6,0.8571428571428571,trunk_head_neck_reversed,171.38577270507812,171.38726806640625,1.0966486930847168,171.40643310546875,171.3882598876953,1.112188458442688,170.03097534179688,170.75289916992188,171.69873046875,172.58091735839844,171.2454833984375,171.641845703125
BCS3__Cow_25_66,Cow_25_66,Cow_25,0,3,1,0,5,5,3,0.6,head_neck_trunk,164.245849609375,162.7743682861328,7.361090660095215,162.6205291748047,161.61953735351562,6.892459869384766,152.52139282226562,153.99478149414062,166.7776641845703,170.13351440429688,163.04669189453125,161.95985412597656
BCS3__Cow_2_1015,Cow_2_1015,Cow_2,0,3,1,0,5,5,4,0.8,head_neck_trunk,167.83074951171875,163.85597229003906,7.1544904708862305,166.10650634765625,163.14564514160156,7.123685836791992,152.72369384765625,155.99278259277344,169.3794403076172,170.81387329101562,165.9991912841797,163.93789672851562
BCS3__Cow_33_3008,Cow_33_3008,Cow_33,1,3,1,0,2,1,0,0.0,entry_or_trunk_with_rump,175.81446838378906,175.81446838378906,0.0,,,,,,,,,
BCS3__Cow_3_3083,Cow_3_3083,Cow_3,2,3,1,0,5,2,2,0.4,head_neck_trunk,158.71002197265625,159.65255737304688,6.121037483215332,158.71002197265625,159.65255737304688,6.121037483215332,152.74627685546875,154.0836181640625,165.554931640625,167.42420959472656,159.81100463867188,159.81100463867188
BCS3__Cow_46,Cow_46,Cow_46,0,3,1,0,60,46,17,0.2833333333333333,head_neck_trunk,167.6877899169922,167.4076690673828,3.3606276512145996,166.41632080078125,165.92648315429688,3.078315019607544,162.35777282714844,163.66757202148438,168.6464080810547,169.57740783691406,166.9835205078125,166.3025360107422
BCS3__Cow_46_1,Cow_46_1,Cow_46,0,3,1,0,39,37,9,0.23076923076923078,head_neck_trunk,171.480224609375,169.42408752441406,4.90946626663208,162.4482421875,163.77291870117188,3.7197349071502686,160.6047821044922,161.32200622558594,164.87515258789062,168.36044311523438,162.95556640625,165.00035095214844
BCS3__Cow_46_2,Cow_46_2,Cow_46,0,3,1,0,6,5,3,0.5,head_neck_trunk,167.36871337890625,165.1476287841797,6.366981506347656,166.63494873046875,164.613525390625,6.339428424835205,156.90980529785156,157.32037353515625,169.39695739746094,172.5576934814453,167.85400390625,165.8233184814453
BCS3__Cow_53,Cow_53,Cow_53,0,3,1,0,7,5,3,0.42857142857142855,head_neck_trunk,168.75196838378906,166.6412811279297,4.881376266479492,168.214111328125,165.50453186035156,4.5629706382751465,159.10284423828125,160.2496795654297,169.14340209960938,169.86569213867188,168.80862426757812,165.9016571044922
BCS3__Cow_6_103,Cow_6_103,Cow_6,1,3,1,0,5,5,4,0.8,head_neck_trunk,159.94192504882812,161.66893005371094,5.924217700958252,159.5771026611328,160.17733764648438,4.40307092666626,155.10397338867188,155.98773193359375,163.7264404296875,166.4213409423828,160.90286254882812,160.09791564941406
BCS3__Cow_8_2023,Cow_8_2023,Cow_8,2,3,1,0,6,2,2,0.3333333333333333,head_neck_trunk,164.2862548828125,164.07830810546875,2.0653176307678223,164.2862548828125,164.07830810546875,2.0653176307678223,161.48605346679688,163.148193359375,165.79248046875,166.35882568359375,164.53085327148438,164.53085327148438
BCS4__Cow_1,Cow_1,Cow_1,1,4,2,1,19,19,9,0.47368421052631576,entry_or_trunk_with_rump,173.93026733398438,173.62051391601562,1.670486569404602,173.93026733398438,173.5187530517578,1.8067182302474976,171.22039794921875,172.43585205078125,174.66769409179688,175.66818237304688,173.9561004638672,173.53582763671875
BCS4__Cow_10,Cow_10,Cow_10,2,4,2,1,72,67,41,0.5694444444444444,head_neck_trunk,171.41061401367188,169.8110809326172,3.64888596534729,169.0240020751953,168.359130859375,3.7375311851501465,163.25428771972656,165.7786407470703,171.57054138183594,172.5770263671875,169.4766082763672,168.63626098632812
BCS4__Cow_10_0014,Cow_10_0014,Cow_10,2,4,2,1,3,3,2,0.6666666666666666,head_neck_trunk,158.5905303955078,159.5365447998047,3.70308518409729,157.94207763671875,158.80276489257812,2.572162389755249,156.32579040527344,156.88491821289062,160.2840576171875,162.61276245117188,158.73861694335938,158.73861694335938
BCS4__Cow_10_1,Cow_10_1,Cow_10,2,4,2,1,16,9,0,0.0,trunk_head_neck_reversed,173.05258178710938,173.0818328857422,0.47630903124809265,,,,,,,,,
BCS4__Cow_10_2038,Cow_10_2038,Cow_10,2,4,2,1,4,4,4,1.0,head_neck_trunk,171.49447631835938,168.43394470214844,6.5591654777526855,171.49447631835938,168.43394470214844,6.5591654777526855,157.1552276611328,164.29283142089844,172.17807006835938,173.9983673095703,171.60479736328125,168.7372589111328
BCS4__Cow_11_0018,Cow_11_0018,Cow_11,1,4,2,1,4,2,2,0.5,head_neck_trunk,165.53341674804688,167.917236328125,3.7733161449432373,165.53341674804688,167.917236328125,3.7733161449432373,164.2872314453125,165.03436279296875,171.97848510742188,172.7041778564453,168.7269287109375,168.7269287109375
BCS4__Cow_11_0075,Cow_11_0075,Cow_11,1,4,2,1,4,3,2,0.5,entry_or_trunk_with_rump,169.4962158203125,167.56056213378906,4.313632011413574,168.24688720703125,166.5876922607422,4.717383861541748,160.63180541992188,162.07884216308594,170.9329376220703,171.55567932128906,166.5284423828125,166.5284423828125
BCS4__Cow_13_9025,Cow_13_9025,Cow_13,1,4,2,1,4,4,2,0.5,head_neck_trunk,168.70098876953125,166.98756408691406,4.161293029785156,163.04331970214844,165.86117553710938,4.388040542602539,161.34957885742188,161.96148681640625,170.22540283203125,171.1270751953125,166.11001586914062,166.11001586914062
BCS4__Cow_15_68,Cow_15_68,Cow_15,0,4,2,1,3,3,3,1.0,head_neck_trunk,170.6436309814453,167.31712341308594,4.606781005859375,170.6436309814453,167.31712341308594,4.606781005859375,161.08387756347656,162.84014892578125,171.52633666992188,172.17709350585938,171.34698486328125,168.52513122558594
BCS4__Cow_17,Cow_17,Cow_17,0,4,2,1,26,19,10,0.38461538461538464,trunk_head_neck_reversed,172.1912841796875,172.2285614013672,0.9675307869911194,172.29331970214844,172.23941040039062,1.007528305053711,170.92041015625,171.4799041748047,172.8833770751953,173.69622802734375,172.01739501953125,172.2200164794922
BCS4__Cow_18_1067,Cow_18_1067,Cow_18,2,4,2,1,2,1,1,0.5,head_neck_trunk,172.24781799316406,172.12437438964844,0.35920393466949463,172.24781799316406,172.12437438964844,0.35920393466949463,171.64089965820312,171.82545471191406,172.33026123046875,172.57679748535156,172.24781799316406,172.24781799316406
BCS4__Cow_19,Cow_19,Cow_19,0,4,2,1,65,63,57,0.8769230769230769,trunk_dominant,170.59124755859375,170.62188720703125,1.9553614854812622,170.60015869140625,170.6493377685547,1.8467113971710205,168.36634826660156,169.57681274414062,171.89784240722656,172.88723754882812,170.83203125,170.80799865722656
BCS4__Cow_19_0037,Cow_19_0037,Cow_19,0,4,2,1,6,6,5,0.8333333333333334,head_neck_trunk,170.5345458984375,167.9851837158203,5.531864643096924,169.5573272705078,167.32342529296875,5.571950912475586,158.17251586914062,163.6002197265625,171.25917053222656,173.1097869873047,170.99807739257812,168.044921875
BCS4__Cow_1_6006,Cow_1_6006,Cow_1,1,4,2,1,4,4,2,0.5,head_neck_trunk,163.06396484375,163.56597900390625,4.140308856964111,162.959228515625,162.42886352539062,3.053708553314209,158.3805389404297,159.53353881835938,164.4337158203125,166.13900756835938,162.21188354492188,162.21188354492188
BCS4__Cow_2,Cow_2,Cow_2,0,4,2,1,15,14,13,0.8666666666666667,trunk_head_neck_reversed,173.30551147460938,173.2823028564453,1.3539910316467285,173.37326049804688,173.30795288085938,1.3603050708770752,171.443359375,172.37254333496094,174.41419982910156,175.10243225097656,173.79161071777344,173.68402099609375
BCS4__Cow_22_6005,Cow_22_6005,Cow_22,2,4,2,1,5,5,4,0.8,head_neck_trunk,171.15106201171875,170.85972595214844,2.891479253768921,170.8159637451172,170.64654541015625,2.980189561843872,166.6844940185547,167.30255126953125,172.12278747558594,174.72373962402344,170.91197204589844,170.86962890625
BCS4__Cow_23,Cow_23,Cow_23,0,4,2,1,42,22,18,0.42857142857142855,head_neck_trunk,169.3776092529297,169.3546142578125,0.994001030921936,169.38067626953125,169.39151000976562,0.9607073664665222,168.18609619140625,168.6883087158203,169.9510955810547,170.74658203125,169.48109436035156,169.3314666748047
BCS4__Cow_23_1,Cow_23_1,Cow_23,0,4,2,1,38,17,0,0.0,trunk_head_neck_reversed,173.77365112304688,173.6680908203125,0.6543441414833069,,,,,,,,,
BCS4__Cow_26,Cow_26,Cow_26,1,4,2,1,15,10,7,0.4666666666666667,trunk_head_neck_reversed,170.2681427001953,170.4981689453125,1.1714444160461426,170.12649536132812,170.24732971191406,0.7628984451293945,169.4313507080078,169.72132873535156,170.7662353515625,171.099365234375,170.012939453125,170.0992889404297
BCS4__Cow_26_5051,Cow_26_5051,Cow_26,1,4,2,1,12,9,5,0.4166666666666667,entry_or_trunk_with_rump,165.84915161132812,166.0238494873047,1.8526068925857544,165.91822814941406,166.10105895996094,1.9832499027252197,163.42169189453125,165.03558349609375,167.1619110107422,168.5081024169922,166.03903198242188,165.8505859375
BCS4__Cow_27_9008,Cow_27_9008,Cow_27,1,4,2,1,7,5,4,0.5714285714285714,head_neck_trunk,167.12313842773438,164.1648406982422,7.7206854820251465,166.93246459960938,163.8389892578125,7.6471638679504395,151.5096435546875,158.1517791748047,169.5236358642578,170.67022705078125,168.122314453125,164.84744262695312
BCS4__Cow_29_7007,Cow_29_7007,Cow_29,1,4,2,1,5,5,4,0.8,head_neck_trunk,163.27647399902344,163.65420532226562,6.618646621704102,163.2270965576172,163.02099609375,6.4728684425354,152.9738006591797,156.3566131591797,168.73440551757812,170.5623016357422,165.92868041992188,164.07476806640625
BCS4__Cow_2_6016,Cow_2_6016,Cow_2,0,4,2,1,2,1,1,0.5,head_neck_trunk,172.88262939453125,172.1890411376953,1.1874244213104248,172.88262939453125,172.1890411376953,1.1874244213104248,170.32369995117188,171.25465393066406,173.15609741210938,173.24671936035156,172.88262939453125,172.88262939453125
BCS4__Cow_30,Cow_30,Cow_30,2,4,2,1,14,5,4,0.2857142857142857,trunk_head_neck_reversed,170.5087890625,169.25367736816406,3.0769307613372803,170.36422729492188,169.14813232421875,3.0720973014831543,163.24798583984375,168.1119842529297,171.1161346435547,171.9224090576172,169.90817260742188,168.62799072265625
BCS4__Cow_31,Cow_31,Cow_31,0,4,2,1,13,12,12,0.9230769230769231,trunk_head_neck_reversed,169.2404327392578,169.11170959472656,1.6237014532089233,169.2404327392578,169.11170959472656,1.6237014532089233,167.10194396972656,168.19659423828125,170.17324829101562,170.80010986328125,169.19119262695312,169.55072021484375
BCS4__Cow_32_0035,Cow_32_0035,Cow_32,0,4,2,1,8,8,8,1.0,head_neck_trunk,168.3115234375,165.581787109375,5.971659183502197,168.3115234375,165.581787109375,5.971659183502197,156.19947814941406,161.74758911132812,169.3585662841797,170.73486328125,168.39010620117188,166.1387481689453
BCS4__Cow_33,Cow_33,Cow_33,1,4,2,1,105,36,21,0.2,entry_or_trunk_with_rump,169.57205200195312,168.90463256835938,8.642936706542969,169.32260131835938,169.03953552246094,5.828211307525635,167.19627380371094,168.18231201171875,170.32498168945312,174.36154174804688,169.07423400878906,168.4641876220703
BCS4__Cow_35_1044,Cow_35_1044,Cow_35,1,4,2,1,3,3,1,0.3333333333333333,trunk_dominant,169.41513061523438,168.25218200683594,4.727555751800537,161.63067626953125,162.16749572753906,4.109644412994385,158.1532745361328,158.32623291015625,164.5779571533203,167.30599975585938,161.63067626953125,161.63067626953125
BCS4__Cow_3_6018,Cow_3_6018,Cow_3,2,4,2,1,1,1,0,0.0,entry_or_trunk_with_rump,169.2436981201172,169.08816528320312,1.1152626276016235,,,,,,,,,
BCS4__Cow_4,Cow_4,Cow_4,1,4,2,1,4,4,4,1.0,trunk_head_neck_reversed,171.37648010253906,171.26251220703125,1.1829928159713745,171.37648010253906,171.26251220703125,1.1829928159713745,169.76272583007812,170.33810424804688,171.8504180908203,172.86045837402344,170.890869140625,171.16505432128906
BCS4__Cow_41,Cow_41,Cow_41,1,4,2,1,61,28,3,0.04918032786885246,entry_or_trunk_with_rump,173.40408325195312,173.26084899902344,1.1263593435287476,173.58253479003906,173.56788635253906,0.6230472922325134,172.76119995117188,173.1392059326172,173.94143676757812,174.47117614746094,173.58253479003906,173.5316619873047
BCS4__Cow_41_1,Cow_41_1,Cow_41,1,4,2,1,4,4,2,0.5,head_neck_trunk,170.55979919433594,169.25088500976562,2.5192337036132812,167.10125732421875,168.49252319335938,2.4353044033050537,166.08319091796875,166.67166137695312,171.2935791015625,171.67369079589844,169.15130615234375,169.15130615234375
BCS4__Cow_42,Cow_42,Cow_42,2,4,2,1,27,26,11,0.4074074074074074,entry_or_trunk_with_rump,171.5684814453125,170.60873413085938,3.529841423034668,169.3099822998047,169.22930908203125,3.3359735012054443,164.22210693359375,167.30819702148438,172.0257110595703,173.85073852539062,170.15748596191406,169.53070068359375
BCS4__Cow_44_1,Cow_44_1,Cow_44,0,4,2,1,46,34,22,0.4782608695652174,trunk_head_neck_reversed,169.5471954345703,168.901123046875,2.6640021800994873,169.4070281982422,168.6612091064453,2.6815836429595947,164.30001831054688,168.50918579101562,170.22088623046875,170.92628479003906,169.5338592529297,168.88970947265625
BCS4__Cow_47_1,Cow_47_1,Cow_47,2,4,2,1,7,7,7,1.0,head_neck_trunk,166.42401123046875,165.07952880859375,4.900585651397705,166.42401123046875,165.07952880859375,4.900585651397705,156.709228515625,161.2157440185547,168.7749786376953,170.41737365722656,167.72900390625,165.7034454345703
BCS4__Cow_48,Cow_48,Cow_48,1,4,2,1,13,13,3,0.23076923076923078,head_neck_trunk,171.08395385742188,170.8447265625,1.2000207901000977,170.07276916503906,170.34088134765625,1.3559037446975708,168.7939453125,169.12696838378906,171.54345703125,171.86524963378906,169.8970947265625,170.21665954589844
BCS4__Cow_49,Cow_49,Cow_49,2,4,2,1,9,8,7,0.7777777777777778,head_neck_trunk,166.6137237548828,166.30111694335938,5.592461585998535,165.79208374023438,165.88101196289062,5.454312801361084,158.88125610351562,160.51190185546875,171.29937744140625,173.1756591796875,168.58377075195312,166.84999084472656
BCS4__Cow_4_1,Cow_4_1,Cow_4,1,4,2,1,39,39,39,1.0,trunk_dominant,163.24778747558594,164.79727172851562,3.5217998027801514,163.24778747558594,164.79727172851562,3.5217998027801514,161.16810607910156,161.98326110839844,168.5796356201172,170.079345703125,162.8761444091797,165.05337524414062
BCS4__Cow_51,Cow_51,Cow_51,0,4,2,1,4,4,4,1.0,head_neck_trunk,170.22030639648438,166.9408721923828,5.831221580505371,170.22030639648438,166.9408721923828,5.831221580505371,157.74502563476562,159.53866577148438,171.1932373046875,171.73573303222656,170.36343383789062,167.4988555908203
BCS4__Cow_51_0035,Cow_51_0035,Cow_51,0,4,2,1,5,5,4,0.8,trunk_head_neck_reversed,166.486083984375,167.28369140625,2.355229139328003,166.47422790527344,167.16683959960938,2.291506290435791,164.65737915039062,165.71646118164062,167.98922729492188,171.19090270996094,167.12924194335938,167.76805114746094
BCS4__Cow_55,Cow_55,Cow_55,2,4,2,1,5,5,4,0.8,head_neck_trunk,170.90789794921875,169.15298461914062,5.87371301651001,170.67208862304688,168.92857360839844,5.846312046051025,160.452392578125,161.4029083251953,174.21270751953125,174.87918090820312,172.30039978027344,170.03085327148438
BCS4__Cow_5_1018,Cow_5_1018,Cow_5,2,4,2,1,2,2,1,0.5,head_neck_trunk,171.535888671875,170.1093292236328,3.24194073677063,167.12796020507812,167.6313018798828,2.868915319442749,164.51318359375,165.36956787109375,169.58816528320312,170.93402099609375,167.12796020507812,167.12796020507812
BCS4__Cow_5_273,Cow_5_273,Cow_5,2,4,2,1,3,2,1,0.3333333333333333,head_neck_trunk,173.3767547607422,172.99794006347656,1.3652499914169312,172.49818420410156,172.66189575195312,1.2871485948562622,170.98028564453125,171.61660766601562,174.10362243652344,174.16146850585938,172.49818420410156,172.49818420410156
BCS4__Cow_6,Cow_6,Cow_6,1,4,2,1,42,36,7,0.16666666666666666,head_neck_trunk,169.30331420898438,169.3367156982422,2.4454500675201416,168.27133178710938,167.892822265625,2.8309781551361084,162.65408325195312,167.61029052734375,169.3193359375,171.0232391357422,168.26824951171875,167.9900665283203
BCS4__Cow_7,Cow_7,Cow_7,0,4,2,1,18,16,15,0.8333333333333334,trunk_head_neck_reversed,171.75811767578125,171.69647216796875,1.717129111289978,171.9101104736328,172.02304077148438,1.2995343208312988,170.5982666015625,171.14833068847656,172.88531494140625,173.79054260253906,172.04896545410156,171.9977264404297
BCS4__Cow_7_06,Cow_7_06,Cow_7,0,4,2,1,4,2,2,0.5,head_neck_trunk,165.52536010742188,166.75567626953125,3.3016533851623535,165.52536010742188,166.75567626953125,3.3016533851623535,163.07937622070312,163.81607055664062,169.74478149414062,170.58612060546875,166.96710205078125,166.96710205078125
BCS4__Cow_8,Cow_8,Cow_8,2,4,2,1,39,29,26,0.6666666666666666,entry_or_trunk_with_rump,169.701171875,168.417236328125,3.2035105228424072,169.6336212158203,168.3543243408203,3.234053373336792,163.5139923095703,165.4263153076172,170.67034912109375,171.68630981445312,169.750732421875,168.7245330810547
BCS4__Cow_8_9012,Cow_8_9012,Cow_8,2,4,2,1,4,3,2,0.5,entry_or_trunk_with_rump,170.61553955078125,169.96444702148438,3.226619005203247,170.75881958007812,170.69058227539062,2.3774025440216064,167.51766967773438,168.93345642089844,172.36985778808594,173.98597717285156,172.1766357421875,172.1766357421875
BCS4__Cow_9,Cow_9,Cow_9,2,4,2,1,26,26,19,0.7307692307692307,trunk_dominant,165.76565551757812,166.3177490234375,5.171953201293945,164.2716827392578,165.69833374023438,5.003315448760986,159.9783172607422,161.15248107910156,170.60780334472656,172.92495727539062,163.28627014160156,165.69403076171875
BCS4__Cow_9_NOTAG,Cow_9_NOTAG,Cow_9,2,4,2,1,4,3,2,0.5,trunk_head_neck_reversed,169.56483459472656,170.03839111328125,1.7142019271850586,169.44097900390625,169.62355041503906,0.972676694393158,168.6707763671875,168.92384338378906,169.81129455566406,170.4821014404297,169.55557250976562,169.55557250976562
BCS5__Cow_10_0029,Cow_10_0029,Cow_10,2,5,3,1,7,7,5,0.7142857142857143,trunk_head_neck_reversed,171.54856872558594,170.5875701904297,3.270951986312866,171.14865112304688,169.9127655029297,3.29750919342041,164.49935913085938,168.45001220703125,172.02899169921875,173.404052734375,171.1713409423828,170.18667602539062
BCS5__Cow_12_6006,Cow_12_6006,Cow_12,1,5,3,1,3,2,1,0.3333333333333333,trunk_head_neck_reversed,167.94810485839844,168.46815490722656,1.572209119796753,167.7547149658203,167.8109588623047,0.7995003461837769,167.01760864257812,167.14950561523438,168.30177307128906,168.8692169189453,167.7547149658203,167.7547149658203
BCS5__Cow_12_NOTAG,Cow_12_NOTAG,Cow_12,1,5,3,1,4,4,3,0.75,trunk_dominant,172.58412170410156,171.97291564941406,2.2031707763671875,171.86167907714844,171.79676818847656,2.344987154006958,168.33343505859375,170.270751953125,174.09445190429688,174.45372009277344,171.1470489501953,171.74090576171875
BCS5__Cow_13,Cow_13,Cow_13,1,5,3,1,23,21,20,0.8695652173913043,trunk_head_neck_reversed,172.7588653564453,172.17926025390625,2.670041799545288,172.7588653564453,172.16360473632812,2.6836512088775635,168.7713623046875,171.09756469726562,174.04344177246094,174.7187042236328,172.80401611328125,172.40951538085938
BCS5__Cow_13_8001,Cow_13_8001,Cow_13,1,5,3,1,4,3,3,0.75,trunk_head_neck_reversed,170.39663696289062,170.4754180908203,1.2201147079467773,170.39663696289062,170.4754180908203,1.2201147079467773,169.38951110839844,169.84507751464844,171.2159881591797,171.7390594482422,170.81878662109375,170.67100524902344
BCS5__Cow_14_1044,Cow_14_1044,Cow_14,1,5,3,1,3,3,2,0.6666666666666666,trunk_head_neck_reversed,166.9517364501953,167.01162719726562,2.9573233127593994,166.45037841796875,166.19122314453125,2.4060966968536377,162.59689331054688,164.92591857910156,167.89926147460938,169.17161560058594,166.58724975585938,166.58724975585938
BCS5__Cow_15,Cow_15,Cow_15,0,5,3,1,29,26,25,0.8620689655172413,entry_or_trunk_with_rump,169.6341094970703,169.1673583984375,3.2873270511627197,169.67364501953125,169.17506408691406,3.2951786518096924,164.5286102294922,167.61416625976562,171.83761596679688,172.86012268066406,169.6341094970703,169.21514892578125
BCS5__Cow_17_17,Cow_17_17,Cow_17,0,5,3,1,8,8,6,0.75,head_neck_trunk,171.5325469970703,169.69781494140625,4.408356189727783,170.92422485351562,168.87677001953125,4.511706829071045,160.61366271972656,167.70352172851562,172.0806427001953,172.43206787109375,171.5316619873047,169.22889709472656
BCS5__Cow_17_72,Cow_17_72,Cow_17,0,5,3,1,3,2,2,0.6666666666666666,trunk_head_neck_reversed,171.48287963867188,171.0352783203125,2.6219494342803955,171.48287963867188,171.0352783203125,2.6219494342803955,167.51242065429688,169.69146728515625,172.51512145996094,173.81019592285156,171.41751098632812,171.41751098632812
BCS5__Cow_1_27,Cow_1_27,Cow_1,1,5,3,1,4,3,3,0.75,head_neck_trunk,170.6589813232422,170.89710998535156,2.2422239780426025,170.6589813232422,170.89710998535156,2.2422239780426025,167.97833251953125,169.65321350097656,172.543212890625,173.8579559326172,170.79193115234375,170.81700134277344
BCS5__Cow_20,Cow_20,Cow_20,2,5,3,1,18,10,1,0.05555555555555555,trunk_head_neck_reversed,171.9073944091797,171.97869873046875,1.0885710716247559,171.04905700683594,172.2615509033203,2.137190580368042,170.58592224121094,170.7595977783203,173.15725708007812,174.42218017578125,171.04905700683594,171.04905700683594
BCS5__Cow_20_10,Cow_20_10,Cow_20,2,5,3,1,2,2,1,0.5,head_neck_trunk,173.99090576171875,172.92185974121094,2.321340560913086,173.50637817382812,172.65158081054688,2.3248093128204346,169.15240478515625,171.5730438232422,174.57183837890625,174.76702880859375,173.50637817382812,173.50637817382812
BCS5__Cow_21,Cow_21,Cow_21,0,5,3,1,26,23,18,0.6923076923076923,trunk_head_neck_reversed,170.93438720703125,170.13394165039062,2.9987430572509766,171.05364990234375,170.04522705078125,3.233506441116333,167.99105834960938,169.1794891357422,171.7021484375,172.3833770751953,171.1505126953125,170.18368530273438
BCS5__Cow_21_4079,Cow_21_4079,Cow_21,0,5,3,1,2,1,1,0.5,head_neck_trunk,165.70565795898438,166.52447509765625,2.61549973487854,165.70565795898438,166.52447509765625,2.61549973487854,164.22962951660156,164.71771240234375,167.5124053955078,169.47434997558594,165.70565795898438,165.70565795898438
BCS5__Cow_23_1067,Cow_23_1067,Cow_23,0,5,3,1,5,5,5,1.0,trunk_head_neck_reversed,169.7625732421875,168.98533630371094,3.574880361557007,169.7625732421875,168.98533630371094,3.574880361557007,163.27273559570312,167.8349151611328,171.90347290039062,173.1665802001953,169.81988525390625,169.16299438476562
BCS5__Cow_23_49,Cow_23_49,Cow_23,0,5,3,1,3,1,1,0.3333333333333333,trunk_head_neck_reversed,168.15562438964844,168.13333129882812,0.825772762298584,168.15562438964844,168.13333129882812,0.825772762298584,167.03054809570312,167.51007080078125,168.81956481933594,169.09176635742188,168.15562438964844,168.15562438964844
BCS5__Cow_24,Cow_24,Cow_24,2,5,3,1,25,13,12,0.48,trunk_dominant,171.51388549804688,171.51766967773438,1.2378137111663818,171.4778289794922,171.49693298339844,1.225616693496704,170.11505126953125,170.58047485351562,172.39852905273438,173.05294799804688,171.52490234375,171.6049346923828
BCS5__Cow_24_7022,Cow_24_7022,Cow_24,2,5,3,1,4,3,3,0.75,trunk_head_neck_reversed,169.30714416503906,168.85594177246094,2.7254698276519775,169.30714416503906,168.85594177246094,2.7254698276519775,165.27581787109375,166.65399169921875,170.6573486328125,172.5719757080078,169.0581817626953,168.77076721191406
BCS5__Cow_25,Cow_25,Cow_25,0,5,3,1,66,33,29,0.4393939393939394,entry_or_trunk_with_rump,167.9532470703125,167.63963317871094,2.0811660289764404,167.94448852539062,167.5699005126953,2.043837070465088,164.82713317871094,166.86288452148438,169.0713348388672,169.6355438232422,168.1942138671875,167.73316955566406
BCS5__Cow_25_6005,Cow_25_6005,Cow_25,0,5,3,1,4,4,1,0.25,head_neck_trunk,171.59886169433594,171.84228515625,1.701352834701538,171.35406494140625,171.1153564453125,1.3728382587432861,169.15036010742188,170.1072540283203,172.4962158203125,172.72451782226562,171.35406494140625,171.35406494140625
BCS5__Cow_27,Cow_27,Cow_27,1,5,3,1,42,21,21,0.5,head_neck_trunk,168.94073486328125,167.70501708984375,3.933166980743408,168.94073486328125,167.70501708984375,3.933166980743408,161.12110900878906,166.88577270507812,169.98887634277344,171.10633850097656,169.15267944335938,168.00521850585938
BCS5__Cow_27_1,Cow_27_1,Cow_27,1,5,3,1,2,2,2,1.0,head_neck_trunk,169.58505249023438,169.82518005371094,1.7898006439208984,169.58505249023438,169.82518005371094,1.7898006439208984,168.0203094482422,168.55023193359375,170.73004150390625,172.05844116210938,169.53768920898438,169.53768920898438
BCS5__Cow_27_14,Cow_27_14,Cow_27,1,5,3,1,2,2,0,0.0,head_neck_trunk,171.83297729492188,171.9436492919922,2.0824971199035645,,,,,,,,,
BCS5__Cow_28,Cow_28,Cow_28,2,5,3,1,30,30,28,0.9333333333333333,entry_or_trunk_with_rump,170.2021942138672,170.0744171142578,2.8301162719726562,170.21353149414062,170.06480407714844,2.8435680866241455,168.77818298339844,169.3694305419922,171.61737060546875,172.92202758789062,169.99771118164062,169.87173461914062
BCS5__Cow_28_4024,Cow_28_4024,Cow_28,2,5,3,1,6,4,3,0.5,head_neck_trunk,164.89251708984375,164.66920471191406,6.3558244705200195,164.47560119628906,163.6443634033203,5.609428405761719,157.11599731445312,158.02554321289062,166.86337280273438,171.675537109375,165.04837036132812,164.84429931640625
BCS5__Cow_29,Cow_29,Cow_29,1,5,3,1,30,30,25,0.8333333333333334,entry_or_trunk_with_rump,171.12620544433594,170.9773712158203,2.1631977558135986,171.1118621826172,170.93418884277344,2.2750015258789062,168.85719299316406,170.0404815673828,172.441162109375,173.39093017578125,172.1472625732422,171.29718017578125
BCS5__Cow_3,Cow_3,Cow_3,2,5,3,1,19,17,10,0.5263157894736842,entry_or_trunk_with_rump,171.6500701904297,171.61082458496094,1.938634991645813,171.8824462890625,171.73440551757812,1.8869484663009644,168.8898468017578,170.30850219726562,173.36557006835938,174.13836669921875,171.02003479003906,171.57223510742188
BCS5__Cow_30_2021,Cow_30_2021,Cow_30,2,5,3,1,3,2,1,0.3333333333333333,head_neck_trunk,163.62744140625,165.9386749267578,4.751270294189453,163.4549102783203,163.8040313720703,1.5769809484481812,162.4573516845703,162.85415649414062,164.23631286621094,165.08934020996094,163.4549102783203,163.4549102783203
BCS5__Cow_30_30,Cow_30_30,Cow_30,2,5,3,1,7,7,6,0.8571428571428571,trunk_head_neck_reversed,172.39991760253906,172.48841857910156,1.7905058860778809,172.21156311035156,172.3002471923828,1.7643355131149292,169.96798706054688,171.2686309814453,173.15982055664062,174.2362518310547,172.2082061767578,172.1970977783203
BCS5__Cow_31_15,Cow_31_15,Cow_31,0,5,3,1,4,3,3,0.75,head_neck_trunk,172.0015411376953,172.38453674316406,1.7548465728759766,172.0015411376953,172.38453674316406,1.7548465728759766,170.5531005859375,171.4852294921875,174.1788330078125,174.90957641601562,171.9007110595703,172.4539337158203
BCS5__Cow_31_2024,Cow_31_2024,Cow_31,0,5,3,1,5,5,5,1.0,trunk_head_neck_reversed,169.39999389648438,166.49575805664062,5.86016321182251,169.39999389648438,166.49575805664062,5.86016321182251,157.46945190429688,159.90940856933594,171.32159423828125,172.168701171875,169.39999389648438,166.128173828125
BCS5__Cow_32,Cow_32,Cow_32,0,5,3,1,15,15,5,0.3333333333333333,entry_or_trunk_with_rump,172.33616638183594,171.3974609375,3.089400053024292,172.54058837890625,172.46412658691406,1.5654230117797852,170.0626678466797,171.67193603515625,173.50965881347656,174.6124725341797,172.87974548339844,172.39305114746094
BCS5__Cow_34,Cow_34,Cow_34,2,5,3,1,40,12,9,0.225,head_neck_trunk,171.1875457763672,170.96263122558594,1.8216853141784668,171.14797973632812,170.7137908935547,1.567889928817749,168.5101318359375,170.5789031982422,171.52972412109375,171.8596649169922,171.210205078125,170.79147338867188
BCS5__Cow_34_1,Cow_34_1,Cow_34,2,5,3,1,18,7,4,0.2222222222222222,entry_or_trunk_with_rump,164.49301147460938,165.4959259033203,3.0781874656677246,164.49301147460938,165.3843536376953,2.3649606704711914,162.54774475097656,163.81121826171875,167.0643768310547,168.77635192871094,164.39019775390625,165.3223876953125
BCS5__Cow_37,Cow_37,Cow_37,1,5,3,1,28,28,26,0.9285714285714286,head_neck_trunk,171.8421173095703,170.60968017578125,4.088674068450928,171.82203674316406,170.5662841796875,4.087767601013184,168.47900390625,170.463623046875,172.58746337890625,173.256103515625,172.14346313476562,170.85128784179688
BCS5__Cow_37_and_38,Cow_37_and_38,Cow_37,1,5,3,1,24,10,3,0.125,entry_or_trunk_with_rump,172.5543670654297,172.18463134765625,1.6008862257003784,170.93734741210938,171.00767517089844,1.3019874095916748,169.9942169189453,170.089599609375,172.24044799804688,172.65780639648438,170.45346069335938,171.1163787841797
BCS5__Cow_43,Cow_43,Cow_43,1,5,3,1,38,38,37,0.9736842105263158,head_neck_trunk,169.0810546875,169.24057006835938,1.908825159072876,169.02474975585938,169.1951141357422,1.9054116010665894,166.7917022705078,167.69155883789062,170.74046325683594,171.61732482910156,168.7222900390625,169.26480102539062
BCS5__Cow_44_3008,Cow_44_3008,Cow_44,0,5,3,1,10,3,3,0.3,trunk_head_neck_reversed,164.1024932861328,159.30873107910156,13.86223316192627,164.1024932861328,159.30873107910156,13.86223316192627,136.92144775390625,150.55755615234375,171.20150756835938,172.4650115966797,164.1024932861328,159.48045349121094
BCS5__Cow_45,Cow_45,Cow_45,0,5,3,1,25,25,24,0.96,trunk_head_neck_reversed,169.99984741210938,170.05880737304688,1.4637340307235718,169.9890594482422,170.01104736328125,1.3849819898605347,168.83595275878906,169.42776489257812,170.7884063720703,171.60464477539062,169.84765625,170.005859375
BCS5__Cow_48_1018,Cow_48_1018,Cow_48,1,5,3,1,3,3,3,1.0,head_neck_trunk,166.43313598632812,167.2822265625,2.6577556133270264,166.43313598632812,167.2822265625,2.6577556133270264,164.77561950683594,165.2154083251953,168.93618774414062,171.40892028808594,166.46986389160156,167.60560607910156
BCS5__Cow_49_72,Cow_49_72,Cow_49,2,5,3,1,2,2,2,1.0,trunk_dominant,172.0491180419922,172.11180114746094,1.210619330406189,172.0491180419922,172.11180114746094,1.210619330406189,170.45762634277344,171.3163299560547,172.88746643066406,173.8830108642578,172.02027893066406,172.02027893066406
BCS5__Cow_4_8036,Cow_4_8036,Cow_4,1,5,3,1,2,2,2,1.0,entry_or_trunk_with_rump,166.1986846923828,166.0657501220703,4.855205535888672,166.1986846923828,166.0657501220703,4.855205535888672,160.25790405273438,160.95745849609375,170.01559448242188,172.80050659179688,166.44970703125,166.44970703125
BCS5__Cow_50,Cow_50,Cow_50,2,5,3,1,39,39,39,1.0,trunk_dominant,173.29299926757812,173.0936279296875,1.070542335510254,173.29299926757812,173.0936279296875,1.070542335510254,171.6671142578125,172.3451690673828,173.88319396972656,174.337890625,173.31158447265625,173.11370849609375
BCS5__Cow_50_49,Cow_50_49,Cow_50,2,5,3,1,3,3,3,1.0,trunk_head_neck_reversed,169.2381134033203,168.85067749023438,1.6755149364471436,169.2381134033203,168.85067749023438,1.6755149364471436,166.54798889160156,167.64157104492188,169.7039031982422,171.16714477539062,168.98342895507812,168.64735412597656
BCS5__Cow_53_30,Cow_53_30,Cow_53,0,5,3,1,13,7,4,0.3076923076923077,head_neck_trunk,171.5646209716797,170.8094024658203,3.292609453201294,170.97665405273438,170.00753784179688,3.1437947750091553,165.6341552734375,167.01004028320312,172.4989471435547,173.4658660888672,170.13201904296875,169.69476318359375
BCS5__Cow_54,Cow_54,Cow_54,1,5,3,1,7,7,6,0.8571428571428571,head_neck_trunk,170.2782745361328,170.1426239013672,1.3429228067398071,170.27716064453125,170.1057891845703,1.338985800743103,168.3135528564453,169.09605407714844,171.04188537597656,171.78091430664062,170.33349609375,170.45240783691406
BCS5__Cow_6_5029,Cow_6_5029,Cow_6,1,5,3,1,4,4,2,0.5,head_neck_trunk,167.72048950195312,168.4628448486328,2.2327864170074463,167.36456298828125,167.57232666015625,0.877881646156311,166.5534210205078,167.08436584472656,167.77389526367188,168.810791015625,167.34140014648438,167.34140014648438
BCS5__Cow_6_5051,Cow_6_5051,Cow_6,1,5,3,1,5,5,3,0.6,head_neck_trunk,170.34967041015625,169.9165496826172,2.396737813949585,168.8079376220703,169.5187530517578,2.5743026733398438,166.78697204589844,166.95660400390625,171.68133544921875,172.90924072265625,171.63864135742188,170.5285186767578
BCS5__Cow_7_6022,Cow_7_6022,Cow_7,0,5,3,1,4,4,3,0.75,trunk_head_neck_reversed,169.25979614257812,168.7132568359375,2.645223617553711,169.12307739257812,168.52325439453125,2.6911041736602783,164.9239044189453,167.09228515625,170.56182861328125,171.3712615966797,168.2646942138672,168.27838134765625
BCS5__Cow_8_NOTAG,Cow_8_NOTAG,Cow_8,2,5,3,1,7,4,4,0.5714285714285714,trunk_head_neck_reversed,170.10446166992188,170.3791961669922,2.651456594467163,170.10446166992188,170.3791961669922,2.651456594467163,166.66049194335938,168.11436462402344,172.695556640625,173.39710998535156,170.5821533203125,170.34437561035156
BCS5__Cow_9_NOTG,Cow_9_NOTG,Cow_9,2,5,3,1,2,1,1,0.5,head_neck_trunk,170.5768280029297,170.45936584472656,0.41495180130004883,170.5768280029297,170.45936584472656,0.41495180130004883,169.75840759277344,170.35116577148438,170.8170928955078,170.8682861328125,170.5768280029297,170.5768280029297
BCS6__Cow_11_07,Cow_11_07,Cow_11,1,6,4,2,41,39,27,0.6585365853658537,trunk_head_neck_reversed,172.87034606933594,172.72946166992188,1.4068865776062012,172.8684539794922,172.69793701171875,1.3172881603240967,171.39601135253906,172.1704864501953,173.44937133789062,173.9887237548828,172.82017517089844,172.78907775878906
BCS6__Cow_12_2014,Cow_12_2014,Cow_12,1,6,4,2,49,44,39,0.7959183673469388,trunk_head_neck_reversed,172.71775817871094,172.53614807128906,2.0140938758850098,172.70462036132812,172.4834442138672,2.0175108909606934,169.80824279785156,171.44406127929688,173.9337921142578,174.75144958496094,173.42953491210938,172.8601837158203
BCS6__Cow_13_66,Cow_13_66,Cow_13,1,6,4,2,46,28,20,0.43478260869565216,trunk_head_neck_reversed,171.53707885742188,170.08493041992188,5.208981513977051,171.2122344970703,169.47825622558594,5.64906120300293,166.33465576171875,168.8507843017578,172.5498809814453,173.5657958984375,170.4461669921875,170.58494567871094
BCS6__Cow_16_06,Cow_16_06,Cow_16,0,6,4,2,76,76,62,0.8157894736842105,trunk_head_neck_reversed,172.87356567382812,172.33604431152344,2.3389108180999756,172.71136474609375,172.16876220703125,2.3851869106292725,168.85165405273438,170.62428283691406,173.92442321777344,174.67083740234375,172.9491424560547,172.55548095703125
BCS6__Cow_18,Cow_18,Cow_18,2,6,4,2,46,35,33,0.717391304347826,head_neck_trunk,170.7110595703125,170.37295532226562,2.7492268085479736,170.9173126220703,170.58522033691406,2.556381940841675,167.2879180908203,168.60659790039062,172.55880737304688,173.74281311035156,171.2468719482422,171.11277770996094
BCS6__Cow_18_32,Cow_18_32,Cow_18,2,6,4,2,57,57,46,0.8070175438596491,trunk_head_neck_reversed,173.01651000976562,172.96043395996094,1.6470036506652832,173.07623291015625,172.96958923339844,1.6271052360534668,170.72369384765625,172.06683349609375,174.11550903320312,174.93133544921875,173.21060180664062,173.0420379638672
BCS6__Cow_19_29,Cow_19_29,Cow_19,0,6,4,2,61,60,52,0.8524590163934426,trunk_head_neck_reversed,172.4786376953125,172.10690307617188,2.2645299434661865,172.42352294921875,172.035888671875,2.32863187789917,168.9061279296875,170.6810760498047,173.75558471679688,174.72337341308594,172.424072265625,172.28395080566406
BCS6__Cow_22_1004,Cow_22_1004,Cow_22,2,6,4,2,16,4,0,0.0,trunk_head_neck_reversed,173.247802734375,173.91961669921875,1.4214749336242676,,,,,,,,,
BCS6__Cow_24_08,Cow_24_08,Cow_24,2,6,4,2,31,30,22,0.7096774193548387,trunk_head_neck_reversed,173.8756103515625,173.8867645263672,1.3758649826049805,173.66061401367188,173.5249786376953,1.2920823097229004,171.58824157714844,172.8290557861328,174.3893280029297,175.0779266357422,173.51089477539062,173.63587951660156
BCS6__Cow_26_6,Cow_26_6,Cow_26,1,6,4,2,61,29,9,0.14754098360655737,trunk_head_neck_reversed,173.43466186523438,172.98757934570312,2.3389625549316406,172.8824920654297,171.83761596679688,2.1894960403442383,169.0479278564453,169.5860595703125,173.24090576171875,173.69842529296875,172.91282653808594,172.20497131347656
BCS6__Cow_28_3083,Cow_28_3083,Cow_28,2,6,4,2,46,24,18,0.391304347826087,trunk_head_neck_reversed,172.92669677734375,172.5285186767578,1.7824088335037231,172.91555786132812,172.4905242919922,1.7745412588119507,169.84359741210938,171.0733642578125,173.94920349121094,174.59706115722656,172.99237060546875,172.6351776123047
BCS6__Cow_29_NOTAG,Cow_29_NOTAG,Cow_29,1,6,4,2,46,46,34,0.7391304347826086,trunk_head_neck_reversed,170.3117218017578,170.35092163085938,2.3002257347106934,170.0252685546875,169.81089782714844,2.1584396362304688,167.0485382080078,168.35342407226562,171.51431274414062,172.4228973388672,170.1867218017578,170.05426025390625
BCS6__Cow_2_6006,Cow_2_6006,Cow_2,0,6,4,2,31,31,31,1.0,trunk_head_neck_reversed,171.92556762695312,171.63710021972656,5.094812870025635,171.92556762695312,171.63710021972656,5.094812870025635,170.3885498046875,171.1408233642578,173.12655639648438,174.2855987548828,172.18832397460938,172.1765594482422
BCS6__Cow_32_34,Cow_32_34,Cow_32,0,6,4,2,61,37,7,0.11475409836065574,trunk_dominant,173.72702026367188,174.01513671875,1.1393067836761475,174.25454711914062,174.06668090820312,0.9381983876228333,172.8438262939453,173.484375,174.77415466308594,175.14901733398438,174.16537475585938,173.89976501464844
BCS6__Cow_35,Cow_35,Cow_35,1,6,4,2,45,43,24,0.5333333333333333,trunk_head_neck_reversed,173.321533203125,173.22752380371094,0.8833605647087097,172.99356079101562,173.00473022460938,0.8420067429542542,172.02978515625,172.52212524414062,173.604736328125,174.06298828125,173.11720275878906,173.07025146484375
BCS6__Cow_36,Cow_36,Cow_36,0,6,4,2,45,42,37,0.8222222222222222,head_neck_trunk,172.38467407226562,172.27772521972656,1.2447142601013184,172.3172149658203,172.21983337402344,1.2489646673202515,170.56991577148438,171.386962890625,173.0974884033203,173.76910400390625,172.55953979492188,172.36245727539062
BCS6__Cow_36_1,Cow_36_1,Cow_36,0,6,4,2,50,50,46,0.92,entry_or_trunk_with_rump,172.14776611328125,171.49734497070312,1.9619383811950684,172.13125610351562,171.49374389648438,1.9612538814544678,168.71116638183594,170.07601928710938,172.93276977539062,173.48965454101562,172.05484008789062,171.89466857910156
BCS6__Cow_3_25,Cow_3_25,Cow_3,2,6,4,2,46,34,22,0.4782608695652174,trunk_dominant,173.6682586669922,173.3815155029297,1.7008049488067627,173.59262084960938,173.0884246826172,1.781652569770813,170.41380310058594,172.4250030517578,174.21446228027344,174.76280212402344,173.59262084960938,173.02938842773438
BCS6__Cow_45_9025,Cow_45_9025,Cow_45,0,6,4,2,46,44,31,0.6739130434782609,head_neck_trunk,169.4856719970703,169.54837036132812,2.946155309677124,168.52015686035156,168.6836700439453,2.4045753479003906,165.8135223388672,166.90869140625,170.34860229492188,172.0839080810547,168.68702697753906,169.01808166503906
BCS6__Cow_47_68,Cow_47_68,Cow_47,2,6,4,2,31,31,31,1.0,trunk_head_neck_reversed,171.19375610351562,171.0712432861328,1.9988226890563965,171.19375610351562,171.0712432861328,1.9988226890563965,168.2003936767578,169.8467254638672,172.45343017578125,173.4811553955078,171.37554931640625,171.25933837890625
BCS6__Cow_4_103,Cow_4_103,Cow_4,1,6,4,2,61,61,47,0.7704918032786885,trunk_head_neck_reversed,172.57525634765625,169.90846252441406,9.4706449508667,172.57476806640625,170.01438903808594,8.91969108581543,167.3101043701172,170.67970275878906,173.51211547851562,174.18008422851562,172.5045928955078,171.90354919433594
BCS6__Cow_52_29,Cow_52_29,Cow_52,0,6,4,2,61,57,55,0.9016393442622951,trunk_head_neck_reversed,173.14404296875,172.79441833496094,1.9724758863449097,173.07345581054688,172.74282836914062,1.949662446975708,170.27793884277344,171.40780639648438,174.31256103515625,174.95294189453125,172.74942016601562,172.8998260498047
BCS6__Cow_7_9008,Cow_7_9008,Cow_7,0,6,4,2,61,37,19,0.3114754098360656,trunk_head_neck_reversed,169.84893798828125,169.95619201660156,2.5495197772979736,168.99815368652344,169.11404418945312,2.2293877601623535,166.26943969726562,167.67068481445312,170.96762084960938,172.0513153076172,169.03919982910156,169.19744873046875
BCS6__Cow_9_1044,Cow_9_1044,Cow_9,2,6,4,2,46,42,36,0.782608695652174,head_neck_trunk,167.9115447998047,167.85818481445312,3.0843029022216797,167.54396057128906,167.62149047851562,3.198338031768799,163.58203125,165.45269775390625,169.07510375976562,172.52008056640625,167.93405151367188,167.89503479003906
