variant,seed,bin,lower,upper,n,accuracy,mean_confidence
V,2026,2,0.2,0.3,27,0.4074074074074074,0.2403381980141083
V,2026,3,0.3,0.4,5,0.6,0.36559361247623123
V,2026,4,0.4,0.5,15,0.2,0.46268121938600165
V,2026,5,0.5,0.6,28,0.5357142857142857,0.5417402575340804
V,2026,6,0.6,0.7,10,0.5,0.6190083641587816
V,2026,7,0.7,0.8,7,0.8571428571428571,0.760158344559539
V,2026,8,0.8,0.9,2,1.0,0.8660890642138497
V,2026,9,0.9,1.0,17,0.8235294117647058,0.9547950612810072
V,2027,2,0.2,0.3,1,0.0,0.29572286320558605
V,2027,3,0.3,0.4,29,0.41379310344827586,0.36644169751050915
V,2027,4,0.4,0.5,14,0.42857142857142855,0.4614627700017765
V,2027,5,0.5,0.6,19,0.3684210526315789,0.5299024555450496
V,2027,6,0.6,0.7,13,0.46153846153846156,0.6538362683785098
V,2027,7,0.7,0.8,8,0.75,0.7518900775470687
V,2027,8,0.8,0.9,8,0.875,0.859963331935052
V,2027,9,0.9,1.0,19,0.8421052631578947,0.9629386139504689
V,2028,2,0.2,0.3,21,0.42857142857142855,0.2771536275796569
V,2028,3,0.3,0.4,15,0.5333333333333333,0.34774698748269356
V,2028,4,0.4,0.5,14,0.42857142857142855,0.4640999576521304
V,2028,5,0.5,0.6,29,0.6206896551724138,0.5496787834956222
V,2028,6,0.6,0.7,8,0.75,0.6304684518238255
V,2028,7,0.7,0.8,2,1.0,0.7257206971174793
V,2028,8,0.8,0.9,5,0.2,0.8531219019493388
V,2028,9,0.9,1.0,17,0.8823529411764706,0.9849666326705055
VA,2026,2,0.2,0.3,1,1.0,0.276797941088523
VA,2026,3,0.3,0.4,11,0.5454545454545454,0.35465217631603035
VA,2026,4,0.4,0.5,21,0.42857142857142855,0.4530905321337534
VA,2026,5,0.5,0.6,36,0.4166666666666667,0.5432617498050895
VA,2026,6,0.6,0.7,8,0.875,0.6372239618258937
VA,2026,7,0.7,0.8,2,1.0,0.7086892574584551
VA,2026,8,0.8,0.9,5,0.6,0.8769754181508294
VA,2026,9,0.9,1.0,27,0.8148148148148148,0.9567229090958704
VA,2027,3,0.3,0.4,15,0.13333333333333333,0.3642943847811459
VA,2027,4,0.4,0.5,23,0.5217391304347826,0.43782147910981534
VA,2027,5,0.5,0.6,17,0.4117647058823529,0.5327143909328701
VA,2027,6,0.6,0.7,15,0.5333333333333333,0.6491491576144307
VA,2027,7,0.7,0.8,11,0.8181818181818182,0.742309931756057
VA,2027,8,0.8,0.9,6,0.8333333333333334,0.8500617346408466
VA,2027,9,0.9,1.0,24,0.7916666666666666,0.9593961226356429
VA,2028,2,0.2,0.3,22,0.4090909090909091,0.2823215443746227
VA,2028,3,0.3,0.4,7,0.2857142857142857,0.3688869001512932
VA,2028,4,0.4,0.5,7,0.42857142857142855,0.4670903104155502
VA,2028,5,0.5,0.6,32,0.6875,0.552752272137764
VA,2028,6,0.6,0.7,14,0.35714285714285715,0.6336198279258397
VA,2028,7,0.7,0.8,2,0.5,0.7399404132618277
VA,2028,8,0.8,0.9,5,0.6,0.877681073879053
VA,2028,9,0.9,1.0,22,0.8636363636363636,0.9758342123966368
VAQ,2026,2,0.2,0.3,1,0.0,0.27415256262520005
VAQ,2026,3,0.3,0.4,8,0.875,0.3517820870904289
VAQ,2026,4,0.4,0.5,33,0.42424242424242425,0.463948985904257
VAQ,2026,5,0.5,0.6,30,0.5333333333333333,0.5386886266854105
VAQ,2026,6,0.6,0.7,6,0.8333333333333334,0.6565159869581888
VAQ,2026,7,0.7,0.8,3,1.0,0.7553157977603145
VAQ,2026,8,0.8,0.9,5,0.6,0.8393343057159403
VAQ,2026,9,0.9,1.0,25,0.88,0.9615630804799749
VAQ,2027,3,0.3,0.4,6,0.3333333333333333,0.3733985523864154
VAQ,2027,4,0.4,0.5,31,0.2903225806451613,0.4539062824076429
VAQ,2027,5,0.5,0.6,37,0.4594594594594595,0.5417305639743526
VAQ,2027,6,0.6,0.7,7,0.8571428571428571,0.6327711134480681
VAQ,2027,7,0.7,0.8,2,0.0,0.7496983136031228
VAQ,2027,8,0.8,0.9,8,0.875,0.8605124214171771
VAQ,2027,9,0.9,1.0,20,0.9,0.964425438171397
VAQ,2028,2,0.2,0.3,34,0.5,0.24130097903534609
VAQ,2028,4,0.4,0.5,6,0.3333333333333333,0.46213985815456565
VAQ,2028,5,0.5,0.6,25,0.48,0.5496853646417941
VAQ,2028,6,0.6,0.7,19,0.631578947368421,0.6311245746297969
VAQ,2028,7,0.7,0.8,1,0.0,0.7330312303588215
VAQ,2028,8,0.8,0.9,5,0.4,0.8343064113593041
VAQ,2028,9,0.9,1.0,21,0.9047619047619048,0.9678909938364102
VQ,2026,3,0.3,0.4,4,0.5,0.3690158421649377
VQ,2026,4,0.4,0.5,20,0.25,0.46582058108112345
VQ,2026,5,0.5,0.6,36,0.5277777777777778,0.5439604725375444
VQ,2026,6,0.6,0.7,13,0.7692307692307693,0.6425919317861749
VQ,2026,7,0.7,0.8,3,1.0,0.7570832011011325
VQ,2026,8,0.8,0.9,7,0.8571428571428571,0.8249100289512329
VQ,2026,9,0.9,1.0,28,0.7857142857142857,0.972225784699276
VQ,2027,3,0.3,0.4,5,0.0,0.3791188811380016
VQ,2027,4,0.4,0.5,38,0.34210526315789475,0.45938395528318476
VQ,2027,5,0.5,0.6,31,0.4838709677419355,0.5430595677745605
VQ,2027,6,0.6,0.7,6,1.0,0.6423490850333486
VQ,2027,7,0.7,0.8,3,0.3333333333333333,0.778080567328625
VQ,2027,8,0.8,0.9,7,0.5714285714285714,0.8626803524287021
VQ,2027,9,0.9,1.0,21,0.9523809523809523,0.9657858855210034
VQ,2028,2,0.2,0.3,34,0.47058823529411764,0.23766671032840686
VQ,2028,3,0.3,0.4,1,0.0,0.3932228322757979
VQ,2028,4,0.4,0.5,3,0.6666666666666666,0.47798210565197935
VQ,2028,5,0.5,0.6,34,0.4117647058823529,0.5409841328320903
VQ,2028,6,0.6,0.7,10,0.9,0.6280750107931167
VQ,2028,7,0.7,0.8,7,0.7142857142857143,0.7397019602450329
VQ,2028,8,0.8,0.9,4,1.0,0.865965014916759
VQ,2028,9,0.9,1.0,18,0.8333333333333334,0.9712645725387927
V_mean,2026,2,0.2,0.3,27,0.4074074074074074,0.2400567145124066
V_mean,2026,3,0.3,0.4,6,0.5,0.3731687417128582
V_mean,2026,4,0.4,0.5,19,0.3684210526315789,0.4571248057644988
V_mean,2026,5,0.5,0.6,25,0.48,0.5575379776444829
V_mean,2026,6,0.6,0.7,10,0.7,0.6304875073686129
V_mean,2026,7,0.7,0.8,6,0.8333333333333334,0.7536631194000286
V_mean,2026,8,0.8,0.9,3,0.6666666666666666,0.8638563176077424
V_mean,2026,9,0.9,1.0,15,0.8666666666666667,0.9753358566910694
V_mean,2027,3,0.3,0.4,10,0.1,0.37896064898190035
V_mean,2027,4,0.4,0.5,21,0.09523809523809523,0.4594465723817899
V_mean,2027,5,0.5,0.6,26,0.5769230769230769,0.5553163981024626
V_mean,2027,6,0.6,0.7,17,0.4117647058823529,0.6334344322693882
V_mean,2027,7,0.7,0.8,9,0.6666666666666666,0.7558236078891915
V_mean,2027,8,0.8,0.9,7,0.42857142857142855,0.8396899524875646
V_mean,2027,9,0.9,1.0,21,0.7619047619047619,0.9652718683714686
V_mean,2028,2,0.2,0.3,21,0.42857142857142855,0.27729807200979034
V_mean,2028,3,0.3,0.4,12,0.25,0.3632844184572681
V_mean,2028,4,0.4,0.5,5,0.2,0.45845871770363145
V_mean,2028,5,0.5,0.6,39,0.5641025641025641,0.546872579327279
V_mean,2028,6,0.6,0.7,10,0.5,0.6448430478204564
V_mean,2028,7,0.7,0.8,2,0.5,0.7240931463478102
V_mean,2028,8,0.8,0.9,6,0.3333333333333333,0.8314324668368688
V_mean,2028,9,0.9,1.0,16,0.875,0.9813047845513972
V_single,2026,2,0.2,0.3,35,0.37142857142857144,0.2672438283606383
V_single,2026,3,0.3,0.4,10,0.5,0.36524821448500344
V_single,2026,4,0.4,0.5,29,0.41379310344827586,0.46137429836567356
V_single,2026,5,0.5,0.6,8,0.75,0.5367941086824943
V_single,2026,6,0.6,0.7,5,0.4,0.661222191019895
V_single,2026,7,0.7,0.8,4,0.25,0.7625763990908847
V_single,2026,8,0.8,0.9,5,0.8,0.8439761099826131
V_single,2026,9,0.9,1.0,15,0.8666666666666667,0.9450801416089071
V_single,2027,2,0.2,0.3,1,0.0,0.2712502580601818
V_single,2027,3,0.3,0.4,9,0.1111111111111111,0.3768812846071101
V_single,2027,4,0.4,0.5,44,0.38636363636363635,0.45106620093652466
V_single,2027,5,0.5,0.6,24,0.5,0.538703179449703
V_single,2027,6,0.6,0.7,5,0.8,0.6115299362864842
V_single,2027,7,0.7,0.8,3,0.3333333333333333,0.7779196688246448
V_single,2027,8,0.8,0.9,11,0.8181818181818182,0.8614814985668121
V_single,2027,9,0.9,1.0,14,0.9285714285714286,0.961381452418584
V_single,2028,3,0.3,0.4,34,0.2647058823529412,0.3586881774885594
V_single,2028,4,0.4,0.5,17,0.29411764705882354,0.4487984209333685
V_single,2028,5,0.5,0.6,15,0.5333333333333333,0.5583761138989819
V_single,2028,6,0.6,0.7,9,0.4444444444444444,0.6627261288253191
V_single,2028,7,0.7,0.8,5,0.6,0.7458155007112854
V_single,2028,8,0.8,0.9,22,0.7272727272727273,0.8480421419434966
V_single,2028,9,0.9,1.0,9,0.7777777777777778,0.958508000350261
