bag_id,base_episode_angle_pooled,new_episode_angle_pooled,new_episode_angle_framemedian,abs_delta_pooled,signed_delta_pooled,abs_delta_framemedian
BCS2__Cow_11_2,170.0704,165.4262,168.6725,4.6441,-4.6441,1.3978
BCS3__Cow_46,166.4163,162.8174,162.8174,3.5989,-3.5989,3.5989
BCS5__Cow_53_30,170.9767,167.5011,167.1724,3.4756,-3.4756,3.8042
BCS4__Cow_22_6005,170.816,167.7288,171.1511,3.0872,-3.0872,0.3351
BCS4__Cow_49,165.7921,162.7353,162.6588,3.0568,-3.0568,3.1333
BCS3__Cow_46,166.4163,163.6402,163.5531,2.7761,-2.7761,2.8632
BCS5__Cow_53_30,170.9767,168.2691,167.8297,2.7076,-2.7076,3.147
BCS5__Cow_17_17,170.9242,168.22,169.8622,2.7043,-2.7043,1.0621
BCS4__Cow_10,169.024,166.37,166.1441,2.654,-2.654,2.8799
BCS4__Cow_15_68,170.6436,167.9989,171.2462,2.6447,-2.6447,0.6026
BCS4__Cow_9,164.2717,161.6318,161.6235,2.6399,-2.6399,2.6481
BCS6__Cow_18,170.9173,168.6026,168.355,2.3147,-2.3147,2.5624
BCS4__Cow_27_9008,166.9325,164.6495,164.6495,2.283,-2.283,2.283
BCS4__Cow_19_0037,169.5573,167.3366,168.8847,2.2207,-2.2207,0.6727
BCS4__Cow_10,169.024,167.0845,167.7191,1.9395,-1.9395,1.3049
BCS5__Cow_3,171.8824,170.1302,170.1302,1.7523,-1.7523,1.7523
BCS6__Cow_16_06,172.7114,170.9669,171.7963,1.7444,-1.7444,0.915
BCS4__Cow_19_0037,169.5573,167.8395,171.0942,1.7178,-1.7178,1.5369
BCS3__Cow_46,166.4163,164.8695,165.7361,1.5468,-1.5468,0.6802
BCS6__Cow_18,170.9173,169.42,170.274,1.4973,-1.4973,0.6433
BCS3__Cow_22,170.9117,169.417,169.6785,1.4947,-1.4947,1.2333
BCS4__Cow_8,169.6336,168.165,169.6574,1.4686,-1.4686,0.0238
BCS5__Cow_15,169.6736,168.2925,169.1614,1.3811,-1.3811,0.5122
BCS6__Cow_13_66,171.2122,169.8936,170.2201,1.3186,-1.3186,0.9921
BCS5__Cow_43,169.0247,170.3389,170.4043,1.3141,1.3141,1.3796
BCS6__Cow_19_29,172.4235,171.1202,171.0741,1.3033,-1.3033,1.3494
BCS6__Cow_19_29,172.4235,171.1202,171.358,1.3033,-1.3033,1.0655
BCS6__Cow_13_66,171.2122,169.9566,169.5559,1.2556,-1.2556,1.6564
BCS2__Cow_11_2,170.0704,168.8292,170.2957,1.2412,-1.2412,0.2253
BCS3__Cow_16,164.1467,162.9268,163.5091,1.2199,-1.2199,0.6375
BCS4__Cow_1,173.9303,172.7896,172.656,1.1407,-1.1407,1.2743
BCS3__Cow_16_1004,165.8256,164.691,167.0959,1.1345,-1.1345,1.2703
BCS5__Cow_10_0029,171.1487,170.0487,170.74,1.1,-1.1,0.4086
BCS5__Cow_30_30,172.2116,171.1658,171.1482,1.0457,-1.0457,1.0633
BCS3__Cow_25_66,162.6205,161.5804,163.0467,1.0401,-1.0401,0.4262
BCS6__Cow_47_68,171.1938,170.1738,170.3764,1.02,-1.02,0.8173
BCS2__Cow_11,172.5874,171.5814,172.2476,1.006,-1.006,0.3398
BCS5__Cow_23_1067,169.7626,168.7957,170.2939,0.9669,-0.9669,0.5313
BCS5__Cow_23_1067,169.7626,168.8168,169.6119,0.9458,-0.9458,0.1507
BCS5__Cow_17_17,170.9242,170.0236,170.7382,0.9006,-0.9006,0.186
BCS4__Cow_9,164.2717,163.3837,162.6689,0.888,-0.888,1.6027
BCS4__Cow_1,173.9303,173.0428,173.3068,0.8875,-0.8875,0.6235
BCS4__Cow_1,173.9303,173.0428,173.3068,0.8875,-0.8875,0.6235
BCS3__Cow_14_0011,169.9281,169.0546,169.4797,0.8736,-0.8736,0.4484
BCS5__Cow_13,172.7589,171.8975,171.8905,0.8614,-0.8614,0.8684
BCS4__Cow_1,173.9303,173.0759,173.3068,0.8543,-0.8543,0.6235
BCS5__Cow_50_49,169.2381,168.389,168.9834,0.8491,-0.8491,0.2547
BCS4__Cow_22_6005,170.816,171.6385,171.8036,0.8226,0.8226,0.9877
BCS4__Cow_49,165.7921,166.6137,168.5838,0.8216,0.8216,2.7917
BCS4__Cow_42,169.31,168.5019,167.9333,0.8081,-0.8081,1.3767
BCS6__Cow_16_06,172.7114,171.9406,172.144,0.7708,-0.7708,0.5674
BCS3__Cow_14,162.6376,161.8753,162.6376,0.7623,-0.7623,0.0
BCS6__Cow_4_103,172.5748,171.8158,171.8337,0.7589,-0.7589,0.7411
BCS3__Cow_46_1,162.4482,161.711,161.1609,0.7373,-0.7373,1.2873
BCS3__Cow_22,170.9117,170.1815,170.5215,0.7303,-0.7303,0.3903
BCS3__Cow_25_66,162.6205,161.8914,163.0467,0.7292,-0.7292,0.4262
BCS6__Cow_29_NOTAG,170.0253,169.3042,169.777,0.7211,-0.7211,0.2483
BCS5__Cow_12_NOTAG,171.8617,171.147,171.1471,0.7146,-0.7146,0.7146
BCS5__Cow_12_NOTAG,171.8617,171.147,170.9532,0.7146,-0.7146,0.9085
BCS4__Cow_51,170.2203,169.5182,169.7021,0.7021,-0.7021,0.5183
BCS4__Cow_42,169.31,168.6212,169.1381,0.6888,-0.6888,0.1719
BCS4__Cow_2,173.3733,172.6868,172.49,0.6865,-0.6865,0.8833
BCS6__Cow_45_9025,168.5202,167.8502,167.8502,0.67,-0.67,0.67
BCS4__Cow_33,169.3226,168.6569,168.6626,0.6657,-0.6657,0.66
BCS2__Cow_21_8029,164.2026,163.546,163.9774,0.6566,-0.6566,0.2252
BCS5__Cow_30_30,172.2116,171.5627,171.2962,0.6488,-0.6488,0.9154
BCS3__Cow_16,164.1467,163.5091,163.6523,0.6375,-0.6375,0.4943
BCS6__Cow_18_32,173.0762,172.4707,172.5073,0.6055,-0.6055,0.5689
BCS2__Cow_11_1,170.7947,170.19,170.2398,0.6047,-0.6047,0.5549
BCS5__Cow_8_NOTAG,170.1045,169.5044,169.8451,0.6001,-0.6001,0.2593
BCS3__Cow_14_0011,169.9281,169.3341,169.4069,0.5941,-0.5941,0.5213
BCS5__Cow_54,170.2772,169.7059,169.3122,0.5713,-0.5713,0.965
BCS5__Cow_24_7022,169.3071,168.7598,169.0582,0.5474,-0.5474,0.249
BCS4__Cow_17,172.2933,171.7544,171.779,0.5389,-0.5389,0.5144
BCS6__Cow_11_07,172.8685,172.3406,172.217,0.5279,-0.5279,0.6514
BCS6__Cow_28_3083,172.9156,172.4007,172.4484,0.5149,-0.5149,0.4671
BCS5__Cow_34_1,164.493,165.0033,164.5213,0.5103,0.5103,0.0283
BCS2__Cow_11_1,170.7947,170.2896,170.2475,0.5051,-0.5051,0.5472
BCS2__Cow_21_8029,164.2026,163.7045,163.9774,0.4981,-0.4981,0.2252
BCS5__Cow_29,171.1119,170.6284,170.5157,0.4834,-0.4834,0.5962
BCS4__Cow_4_1,163.2478,162.7807,162.3852,0.4671,-0.4671,0.8626
BCS6__Cow_45_9025,168.5202,168.0554,168.687,0.4648,-0.4648,0.1669
BCS6__Cow_47_68,171.1938,170.7322,170.6712,0.4615,-0.4615,0.5226
BCS5__Cow_15,169.6736,169.215,169.7295,0.4586,-0.4586,0.0559
BCS6__Cow_7_9008,168.9982,168.5434,168.2996,0.4547,-0.4547,0.6985
BCS4__Cow_9,164.2717,163.8237,163.2863,0.448,-0.448,0.9854
BCS6__Cow_9_1044,167.544,167.1078,167.4737,0.4361,-0.4361,0.0703
BCS4__Cow_19,170.6002,170.1682,170.1601,0.432,-0.432,0.44
BCS6__Cow_45_9025,168.5202,168.9472,169.4609,0.427,0.427,0.9407
BCS3__Cow_46_1,162.4482,162.0244,162.0202,0.4238,-0.4238,0.428
BCS6__Cow_3_25,173.5926,173.1717,173.0588,0.421,-0.421,0.5338
BCS4__Cow_7,171.9101,171.4931,171.4482,0.417,-0.417,0.4619
BCS5__Cow_13_8001,170.3966,170.8122,171.1967,0.4156,0.4156,0.8001
BCS4__Cow_2,173.3733,172.961,172.9993,0.4123,-0.4123,0.374
BCS4__Cow_23,169.3807,168.9705,169.0751,0.4102,-0.4102,0.3056
BCS5__Cow_23_1067,169.7626,169.363,169.8199,0.3996,-0.3996,0.0573
BCS6__Cow_19_29,172.4235,172.032,172.3632,0.3915,-0.3915,0.0603
BCS5__Cow_37,171.822,171.4311,171.9208,0.391,-0.391,0.0988
BCS6__Cow_24_08,173.6606,173.2775,173.2054,0.3831,-0.3831,0.4552
BCS6__Cow_47_68,171.1938,170.8124,170.861,0.3814,-0.3814,0.3327
BCS6__Cow_24_08,173.6606,173.2802,173.3676,0.3804,-0.3804,0.293
BCS6__Cow_24_08,173.6606,173.2802,173.3676,0.3804,-0.3804,0.293
BCS4__Cow_48,170.0728,169.6968,169.8971,0.376,-0.376,0.1757
BCS6__Cow_36,172.3172,171.9429,171.9579,0.3744,-0.3744,0.3593
BCS3__Cow_2_1015,166.1065,165.7333,161.9744,0.3732,-0.3732,4.1321
BCS3__Cow_2_1015,166.1065,165.7333,165.9911,0.3732,-0.3732,0.1154
BCS4__Cow_27_9008,166.9325,166.5691,166.5691,0.3633,-0.3633,0.3633
BCS6__Cow_3_25,173.5926,173.2319,173.1428,0.3607,-0.3607,0.4499
BCS6__Cow_36_1,172.1313,172.4885,172.5153,0.3572,0.3572,0.384
BCS6__Cow_18_32,173.0762,172.7195,172.694,0.3567,-0.3567,0.3822
BCS6__Cow_16_06,172.7114,172.358,172.536,0.3534,-0.3534,0.1754
BCS5__Cow_28_4024,164.4756,164.135,165.0484,0.3406,-0.3406,0.5728
BCS5__Cow_31_15,172.0015,171.6628,171.6628,0.3387,-0.3387,0.3387
BCS6__Cow_29_NOTAG,170.0253,169.688,170.1489,0.3373,-0.3373,0.1237
BCS6__Cow_52_29,173.0735,172.7448,172.4739,0.3287,-0.3287,0.5995
BCS4__Cow_42,169.31,168.9861,170.0599,0.3239,-0.3239,0.7499
BCS5__Cow_27,168.9407,168.6179,168.961,0.3228,-0.3228,0.0203
BCS3__Cow_22_1,171.4064,171.0943,170.9988,0.3121,-0.3121,0.4077
BCS4__Cow_30,170.3642,170.0526,169.8247,0.3116,-0.3116,0.5396
BCS4__Cow_47_1,166.424,166.1143,166.5624,0.3097,-0.3097,0.1384
BCS6__Cow_16_06,172.7114,172.4049,172.536,0.3065,-0.3065,0.1754
BCS3__Cow_22_1,171.4064,171.1012,170.9988,0.3052,-0.3052,0.4077
BCS5__Cow_43,169.0247,168.7223,168.7223,0.3025,-0.3025,0.3025
BCS4__Cow_55,170.6721,170.372,170.3833,0.3001,-0.3001,0.2888
BCS5__Cow_37_and_38,170.9373,170.6377,170.5078,0.2997,-0.2997,0.4296
BCS5__Cow_28,170.2135,169.9165,169.8996,0.2971,-0.2971,0.3139
BCS4__Cow_8,169.6336,169.3398,169.6703,0.2938,-0.2938,0.0367
BCS6__Cow_26_6,172.8825,172.5911,172.5911,0.2914,-0.2914,0.2914
BCS6__Cow_26_6,172.8825,172.5911,172.5911,0.2914,-0.2914,0.2914
BCS6__Cow_26_6,172.8825,172.5911,172.5911,0.2914,-0.2914,0.2914
BCS6__Cow_26_6,172.8825,172.5911,172.5911,0.2914,-0.2914,0.2914
BCS4__Cow_42,169.31,169.0189,170.0599,0.2911,-0.2911,0.7499
BCS3__Cow_20_0029,169.9026,170.1934,170.1373,0.2908,0.2908,0.2347
BCS5__Cow_8_NOTAG,170.1045,169.8223,169.8451,0.2821,-0.2821,0.2593
BCS6__Cow_45_9025,168.5202,168.2395,168.687,0.2807,-0.2807,0.1669
BCS4__Cow_26_5051,165.9182,166.192,166.2638,0.2738,0.2738,0.3455
BCS4__Cow_32_0035,168.3115,168.0485,168.083,0.263,-0.263,0.2285
BCS6__Cow_36,172.3172,172.0578,172.0898,0.2594,-0.2594,0.2274
BCS6__Cow_12_2014,172.7046,172.4453,172.4787,0.2593,-0.2593,0.2259
BCS6__Cow_12_2014,172.7046,172.4456,172.4787,0.259,-0.259,0.2259
BCS2__Cow_11,172.5874,172.33,172.3686,0.2574,-0.2574,0.2188
BCS5__Cow_50,173.293,173.0385,173.147,0.2545,-0.2545,0.146
BCS6__Cow_47_68,171.1938,170.9431,171.1514,0.2507,-0.2507,0.0424
BCS5__Cow_10_0029,171.1487,171.3981,171.5932,0.2495,0.2495,0.4446
BCS3__Cow_46_2,166.6349,166.3865,167.854,0.2484,-0.2484,1.2191
BCS3__Cow_46_2,166.6349,166.3865,168.121,0.2484,-0.2484,1.486
BCS4__Cow_10_2038,171.4945,171.2523,171.2523,0.2422,-0.2422,0.2422
BCS6__Cow_24_08,173.6606,173.4185,173.3746,0.2421,-0.2421,0.286
BCS4__Cow_10,169.024,168.7827,169.4766,0.2413,-0.2413,0.4526
BCS4__Cow_33,169.3226,169.0888,169.0279,0.2338,-0.2338,0.2947
BCS5__Cow_13_8001,170.3966,170.6241,170.8188,0.2275,0.2275,0.4222
BCS4__Cow_44_1,169.407,169.1823,169.4799,0.2247,-0.2247,0.0728
BCS3__Cow_14_0011,169.9281,169.7039,169.816,0.2242,-0.2242,0.1121
BCS3__Cow_14_0011,169.9281,169.7039,169.816,0.2242,-0.2242,0.1121
BCS5__Cow_30_30,172.2116,171.9894,172.0055,0.2221,-0.2221,0.206
BCS5__Cow_30_30,172.2116,171.9894,172.0055,0.2221,-0.2221,0.206
BCS6__Cow_18_32,173.0762,172.855,173.005,0.2212,-0.2212,0.0712
BCS4__Cow_6,168.2713,168.0502,168.0235,0.2212,-0.2212,0.2478
BCS4__Cow_7,171.9101,171.6927,171.6491,0.2174,-0.2174,0.261
BCS3__Cow_46,166.4163,166.2016,166.9835,0.2147,-0.2147,0.5672
BCS5__Cow_8_NOTAG,170.1045,169.8909,169.8451,0.2135,-0.2135,0.2593
BCS5__Cow_37,171.822,171.6121,171.7981,0.2099,-0.2099,0.024
BCS6__Cow_3_25,173.5926,173.3829,173.1573,0.2097,-0.2097,0.4353
BCS2__Cow_11_2,170.0704,169.8618,170.5823,0.2085,-0.2085,0.512
BCS5__Cow_30_30,172.2116,172.0055,172.0055,0.2061,-0.2061,0.206
BCS5__Cow_50_49,169.2381,169.0322,168.9834,0.2059,-0.2059,0.2547
BCS2__Cow_11_1,170.7947,170.9999,170.9291,0.2052,0.2052,0.1344
BCS2__Cow_11_1,170.7947,170.9999,170.9291,0.2052,0.2052,0.1344
BCS5__Cow_53_30,170.9767,170.7742,170.1317,0.2025,-0.2025,0.8449
BCS3__Cow_53,168.2141,168.0131,168.8198,0.201,-0.201,0.6057
BCS5__Cow_31_2024,169.4,169.2009,164.7911,0.1991,-0.1991,4.6089
BCS4__Cow_6,168.2713,168.0729,168.2256,0.1984,-0.1984,0.0458
BCS5__Cow_17_17,170.9242,170.7265,171.5224,0.1977,-0.1977,0.5982
BCS4__Cow_4_1,163.2478,163.0519,162.8762,0.1959,-0.1959,0.3716
BCS4__Cow_32_0035,168.3115,168.1174,168.1174,0.1941,-0.1941,0.1941
BCS4__Cow_32_0035,168.3115,168.1174,168.1535,0.1941,-0.1941,0.1581
BCS6__Cow_52_29,173.0735,172.8887,172.7494,0.1848,-0.1848,0.324
BCS6__Cow_19_29,172.4235,172.2455,172.3632,0.1781,-0.1781,0.0603
BCS6__Cow_35,172.9936,172.8179,172.819,0.1757,-0.1757,0.1746
BCS5__Cow_8_NOTAG,170.1045,169.9368,170.0586,0.1677,-0.1677,0.0458
BCS6__Cow_4_103,172.5748,172.4077,172.3034,0.1671,-0.1671,0.2713
BCS6__Cow_18_32,173.0762,172.9102,173.0631,0.166,-0.166,0.0131
BCS4__Cow_44_1,169.407,169.2413,169.4958,0.1657,-0.1657,0.0888
BCS4__Cow_19,170.6002,170.4348,170.7384,0.1654,-0.1654,0.1382
BCS5__Cow_28,170.2135,170.0547,169.965,0.1589,-0.1589,0.2485
BCS6__Cow_16_06,172.7114,172.5532,172.536,0.1581,-0.1581,0.1754
BCS4__Cow_32_0035,168.3115,168.1535,168.1895,0.1581,-0.1581,0.122
BCS2__Cow_5_1,171.3486,171.5044,171.5827,0.1558,0.1558,0.2341
BCS5__Cow_44_3008,164.1025,164.2569,164.1025,0.1544,0.1544,0.0
BCS4__Cow_17,172.2933,172.1425,172.0174,0.1508,-0.1508,0.2759
BCS3__Cow_22,170.9117,170.7612,171.0795,0.1505,-0.1505,0.1677
BCS2__Cow_11,172.5874,172.4383,172.5556,0.149,-0.149,0.0318
BCS5__Cow_15,169.6736,169.5253,169.6341,0.1484,-0.1484,0.0395
BCS4__Cow_49,165.7921,165.9403,168.5838,0.1482,0.1482,2.7917
BCS4__Cow_31,169.2404,169.0948,169.0841,0.1456,-0.1456,0.1563
BCS4__Cow_30,170.3642,170.2197,169.9082,0.1446,-0.1446,0.4561
BCS3__Cow_22,170.9117,170.7672,171.0795,0.1445,-0.1445,0.1677
BCS4__Cow_26,170.1265,170.2681,170.0129,0.1416,0.1416,0.1136
BCS6__Cow_45_9025,168.5202,168.3798,168.687,0.1404,-0.1404,0.1669
BCS4__Cow_33,169.3226,169.4622,169.1973,0.1396,0.1396,0.1253
BCS4__Cow_33,169.3226,169.4616,169.1138,0.139,0.139,0.2088
BCS4__Cow_31,169.2404,169.1056,169.0841,0.1348,-0.1348,0.1563
BCS4__Cow_31,169.2404,169.1056,169.0841,0.1348,-0.1348,0.1563
BCS2__Cow_11_1,170.7947,170.9291,170.9291,0.1344,0.1344,0.1344
BCS5__Cow_54,170.2772,170.1433,170.4251,0.1339,-0.1339,0.148
BCS5__Cow_1_27,170.659,170.7919,170.7919,0.1329,0.1329,0.133
BCS4__Cow_9,164.2717,164.139,163.2863,0.1326,-0.1326,0.9854
BCS6__Cow_19_29,172.4235,172.2945,172.3632,0.129,-0.129,0.0603
BCS4__Cow_17,172.2933,172.1669,172.0174,0.1264,-0.1264,0.2759
BCS6__Cow_11_07,172.8685,172.7426,172.5558,0.1258,-0.1258,0.3127
BCS6__Cow_47_68,171.1938,171.0726,171.1514,0.1212,-0.1212,0.0424
BCS5__Cow_24,171.4778,171.358,171.488,0.1198,-0.1198,0.0102
BCS6__Cow_28_3083,172.9156,172.7963,172.9924,0.1193,-0.1193,0.0768
BCS6__Cow_24_08,173.6606,173.5469,173.4837,0.1137,-0.1137,0.1769
BCS4__Cow_51_0035,166.4742,166.3661,166.4979,0.1081,-0.1081,0.0237
BCS3__Cow_46,166.4163,166.3092,166.9835,0.1071,-0.1071,0.5672
BCS6__Cow_32_34,174.2545,174.36,174.5369,0.1054,0.1054,0.2823
BCS5__Cow_21,171.0536,170.9484,170.8064,0.1053,-0.1053,0.2473
BCS5__Cow_27,168.9407,168.8361,169.1446,0.1046,-0.1046,0.2039
BCS5__Cow_29,171.1119,171.0076,171.5462,0.1043,-0.1043,0.4343
BCS4__Cow_33,169.3226,169.426,169.0742,0.1034,0.1034,0.2484
BCS6__Cow_12_2014,172.7046,172.6023,172.92,0.1023,-0.1023,0.2153
BCS5__Cow_31_15,172.0015,171.9007,171.9007,0.1008,-0.1008,0.1008
BCS4__Cow_8,169.6336,169.5332,169.6267,0.1004,-0.1004,0.0069
BCS6__Cow_18_32,173.0762,172.9762,173.1214,0.1,-0.1,0.0451
BCS5__Cow_17_17,170.9242,170.8254,171.5317,0.0988,-0.0988,0.6074
BCS6__Cow_4_103,172.5748,172.6726,172.5272,0.0978,0.0978,0.0475
BCS5__Cow_48_1018,166.4331,166.336,166.4699,0.0971,-0.0971,0.0367
BCS6__Cow_52_29,173.0735,173.1689,173.15,0.0954,0.0954,0.0766
BCS5__Cow_25,167.9445,167.853,168.2143,0.0915,-0.0915,0.2698
BCS6__Cow_35,172.9936,172.9025,173.0956,0.091,-0.091,0.102
BCS6__Cow_18,170.9173,170.8273,171.1463,0.09,-0.09,0.229
BCS4__Cow_48,170.0728,169.9849,169.8971,0.0878,-0.0878,0.1757
BCS6__Cow_2_6006,171.9256,171.8391,171.8513,0.0865,-0.0865,0.0743
BCS6__Cow_2_6006,171.9256,171.8391,171.8459,0.0865,-0.0865,0.0796
BCS5__Cow_34,171.148,171.2326,171.3775,0.0846,0.0846,0.2296
BCS5__Cow_50,173.293,173.211,173.2435,0.082,-0.082,0.0495
BCS4__Cow_19,170.6002,170.5194,170.765,0.0807,-0.0807,0.1649
BCS6__Cow_52_29,173.0735,172.9935,172.7494,0.0799,-0.0799,0.324
BCS5__Cow_45,169.9891,169.913,169.8477,0.0761,-0.0761,0.1414
BCS5__Cow_53_30,170.9767,170.9023,170.1317,0.0744,-0.0744,0.8449
BCS5__Cow_53_30,170.9767,170.9023,170.1317,0.0744,-0.0744,0.8449
BCS6__Cow_32_34,174.2545,174.1831,174.1654,0.0715,-0.0715,0.0892
BCS6__Cow_32_34,174.2545,174.1831,173.7375,0.0715,-0.0715,0.5171
BCS2__Cow_5_1,171.3486,171.4165,170.8029,0.0679,0.0679,0.5457
BCS2__Cow_5_1,171.3486,171.4165,170.7408,0.0679,0.0679,0.6078
BCS2__Cow_5_1,171.3486,171.4165,170.7408,0.0679,0.0679,0.6078
BCS5__Cow_12_NOTAG,171.8617,171.7962,171.1471,0.0655,-0.0655,0.7146
BCS6__Cow_36,172.3172,172.2532,172.3163,0.064,-0.064,0.001
BCS6__Cow_36,172.3172,172.2532,172.3163,0.064,-0.064,0.001
BCS6__Cow_9_1044,167.544,167.4813,167.656,0.0627,-0.0627,0.112
BCS6__Cow_3_25,173.5926,173.5307,173.2391,0.062,-0.062,0.3536
BCS5__Cow_34_1,164.493,164.4336,164.2042,0.0594,-0.0594,0.2888
BCS5__Cow_34_1,164.493,164.4336,164.2042,0.0594,-0.0594,0.2888
BCS4__Cow_19,170.6002,170.5412,170.765,0.059,-0.059,0.1649
BCS5__Cow_37_and_38,170.9373,170.883,170.4535,0.0543,-0.0543,0.4839
BCS6__Cow_36_1,172.1313,172.0783,172.0037,0.053,-0.053,0.1275
BCS6__Cow_13_66,171.2122,171.2633,171.4412,0.0511,0.0511,0.229
BCS5__Cow_43,169.0247,168.9737,168.7223,0.051,-0.051,0.3025
BCS6__Cow_4_103,172.5748,172.6254,172.5046,0.0506,0.0506,0.0702
BCS6__Cow_28_3083,172.9156,172.9651,173.0609,0.0495,0.0495,0.1454
BCS4__Cow_29_7007,163.2271,163.2765,165.9287,0.0494,0.0494,2.7016
BCS4__Cow_29_7007,163.2271,163.2765,165.9287,0.0494,0.0494,2.7016
BCS4__Cow_26_5051,165.9182,165.8689,166.039,0.0493,-0.0493,0.1208
BCS6__Cow_11_07,172.8685,172.8202,172.7733,0.0483,-0.0483,0.0952
BCS5__Cow_21,171.0536,171.0972,171.1473,0.0436,0.0436,0.0937
BCS3__Cow_6_103,159.5771,159.6181,160.7516,0.041,0.041,1.1745
BCS5__Cow_15,169.6736,169.6341,169.6341,0.0395,-0.0395,0.0395
BCS6__Cow_36,172.3172,172.2791,172.3874,0.0382,-0.0382,0.0702
BCS4__Cow_23,169.3807,169.3433,169.4615,0.0374,-0.0374,0.0808
BCS6__Cow_11_07,172.8685,172.8314,172.679,0.037,-0.037,0.1895
BCS4__Cow_31,169.2404,169.277,168.7497,0.0365,0.0365,0.4907
BCS4__Cow_2,173.3733,173.3369,173.7916,0.0364,-0.0364,0.4184
BCS4__Cow_4,171.3765,171.3402,171.3039,0.0363,-0.0363,0.0726
BCS4__Cow_4,171.3765,171.3402,170.8909,0.0363,-0.0363,0.4856
BCS5__Cow_31_2024,169.4,169.3649,169.4,0.0351,-0.0351,0.0
BCS6__Cow_11_07,172.8685,172.8358,172.7426,0.0326,-0.0326,0.1258
BCS4__Cow_10,169.024,168.9917,169.4766,0.0323,-0.0323,0.4526
BCS5__Cow_13,172.7589,172.7286,172.5357,0.0302,-0.0302,0.2232
BCS4__Cow_44_1,169.407,169.3775,169.5339,0.0295,-0.0295,0.1268
BCS5__Cow_37,171.822,171.7936,172.086,0.0284,-0.0284,0.264
BCS5__Cow_34_1,164.493,164.4647,164.2042,0.0283,-0.0283,0.2888
BCS5__Cow_34,171.148,171.1733,171.2102,0.0254,0.0254,0.0622
BCS6__Cow_35,172.9936,172.9691,173.1172,0.0245,-0.0245,0.1236
BCS6__Cow_36_1,172.1313,172.1557,172.1478,0.0245,0.0245,0.0165
BCS4__Cow_47_1,166.424,166.4001,167.729,0.0239,-0.0239,1.305
BCS4__Cow_51_0035,166.4742,166.498,167.1293,0.0237,0.0237,0.655
BCS5__Cow_28,170.2135,170.1909,169.965,0.0227,-0.0227,0.2485
BCS5__Cow_10_0029,171.1487,171.1713,171.1713,0.0227,0.0227,0.0227
BCS4__Cow_7,171.9101,171.8891,171.9058,0.0211,-0.0211,0.0043
BCS4__Cow_8,169.6336,169.6131,169.6758,0.0205,-0.0205,0.0422
BCS5__Cow_23_1067,169.7626,169.7828,170.0093,0.0202,0.0202,0.2467
BCS6__Cow_29_NOTAG,170.0253,170.0051,170.1867,0.0202,-0.0202,0.1615
BCS6__Cow_29_NOTAG,170.0253,170.0051,170.1867,0.0202,-0.0202,0.1615
BCS5__Cow_23_1067,169.7626,169.7828,170.0093,0.0202,0.0202,0.2467
BCS4__Cow_19,170.6002,170.5799,170.7985,0.0202,-0.0202,0.1984
BCS6__Cow_29_NOTAG,170.0253,170.0051,170.1867,0.0202,-0.0202,0.1615
BCS6__Cow_13_66,171.2122,171.2298,171.4412,0.0175,0.0175,0.229
BCS6__Cow_13_66,171.2122,171.2298,170.5497,0.0175,0.0175,0.6626
BCS3__Cow_46_1,162.4482,162.4332,162.9556,0.0151,-0.0151,0.5073
BCS5__Cow_25,167.9445,167.9581,168.1366,0.0136,0.0136,0.1921
BCS4__Cow_17,172.2933,172.2802,172.2558,0.0131,-0.0131,0.0375
BCS5__Cow_29,171.1119,171.0989,171.9503,0.0129,-0.0129,0.8385
BCS5__Cow_37,171.822,171.8101,172.1114,0.0119,-0.0119,0.2893
BCS5__Cow_28,170.2135,170.2022,170.0473,0.0113,-0.0113,0.1662
BCS6__Cow_4_103,172.5748,172.5861,172.5046,0.0113,0.0113,0.0702
BCS6__Cow_28_3083,172.9156,172.9267,172.9032,0.0111,0.0111,0.0123
BCS6__Cow_28_3083,172.9156,172.9267,172.243,0.0111,0.0111,0.6726
BCS6__Cow_3_25,173.5926,173.5821,173.5926,0.0105,-0.0105,0.0
BCS6__Cow_2_6006,171.9256,171.918,171.9256,0.0076,-0.0076,0.0
BCS5__Cow_45,169.9891,169.982,169.8477,0.0071,-0.0071,0.1414
BCS4__Cow_7,171.9101,171.9032,172.049,0.0069,-0.0069,0.1389
BCS4__Cow_32_0035,168.3115,168.307,168.3901,0.0045,-0.0045,0.0786
BCS6__Cow_12_2014,172.7046,172.7088,173.3288,0.0042,0.0042,0.6242
BCS5__Cow_25,167.9445,167.9483,167.9108,0.0039,0.0039,0.0336
BCS4__Cow_23,169.3807,169.3776,169.4811,0.0031,-0.0031,0.1004
BCS4__Cow_6,168.2713,168.2682,168.2683,0.0031,-0.0031,0.0031
BCS6__Cow_18,170.9173,170.9199,171.2469,0.0026,0.0026,0.3296
BCS6__Cow_7_9008,168.9982,168.996,168.6846,0.0022,-0.0022,0.3136
BCS5__Cow_32,172.5406,172.5399,171.9609,0.0007,-0.0007,0.5797
BCS5__Cow_32,172.5406,172.5399,173.0462,0.0007,-0.0007,0.5056
BCS5__Cow_50,173.293,173.2928,173.3116,0.0002,-0.0002,0.0186
BCS5__Cow_1_27,170.659,170.659,170.7919,0.0,0.0,0.133
BCS4__Cow_22_6005,170.816,170.816,170.912,0.0,0.0,0.096
BCS5__Cow_15,169.6736,169.6736,169.6341,0.0,0.0,0.0395
BCS5__Cow_13_8001,170.3966,170.3966,170.8188,0.0,0.0,0.4222
BCS5__Cow_13,172.7589,172.7589,172.804,0.0,0.0,0.0452
BCS5__Cow_12_NOTAG,171.8617,171.8617,171.1471,0.0,0.0,0.7146
BCS4__Cow_6,168.2713,168.2713,168.2683,0.0,0.0,0.0031
BCS4__Cow_55,170.6721,170.6721,172.3004,0.0,0.0,1.6283
BCS4__Cow_51_0035,166.4742,166.4742,167.1293,0.0,0.0,0.655
BCS4__Cow_51,170.2203,170.2203,170.3634,0.0,0.0,0.1431
BCS4__Cow_4_1,163.2478,163.2478,162.8762,0.0,0.0,0.3716
BCS4__Cow_49,165.7921,165.7921,168.5838,0.0,0.0,2.7917
BCS4__Cow_48,170.0728,170.0728,169.8971,0.0,0.0,0.1757
BCS4__Cow_47_1,166.424,166.424,167.729,0.0,0.0,1.305
BCS4__Cow_44_1,169.407,169.407,169.5339,0.0,0.0,0.1268
BCS4__Cow_42,169.31,169.31,170.1575,0.0,0.0,0.8475
BCS2__Cow_5_1,171.3486,171.3486,170.7408,0.0,0.0,0.6078
BCS4__Cow_48,170.0728,170.0728,169.8971,0.0,0.0,0.1757
BCS4__Cow_47_1,166.424,166.424,167.729,0.0,0.0,1.305
BCS6__Cow_9_1044,167.544,167.544,167.934,0.0,0.0,0.3901
BCS6__Cow_7_9008,168.9982,168.9982,169.0392,0.0,0.0,0.0411
BCS6__Cow_36_1,172.1313,172.1313,172.0548,0.0,0.0,0.0764
BCS6__Cow_35,172.9936,172.9936,173.1172,0.0,0.0,0.1236
BCS5__Cow_50_49,169.2381,169.2381,168.9834,0.0,0.0,0.2547
BCS5__Cow_50,173.293,173.293,173.3116,0.0,0.0,0.0186
BCS5__Cow_48_1018,166.4331,166.4331,166.4699,0.0,0.0,0.0367
BCS5__Cow_45,169.9891,169.9891,169.8477,0.0,0.0,0.1414
BCS5__Cow_43,169.0247,169.0247,168.7223,0.0,0.0,0.3025
BCS5__Cow_37_and_38,170.9373,170.9373,170.4535,0.0,0.0,0.4839
BCS4__Cow_19_0037,169.5573,169.5573,170.9981,0.0,0.0,1.4407
BCS3__Cow_2_1015,166.1065,166.1065,165.9992,0.0,0.0,0.1073
BCS5__Cow_27,168.9407,168.9407,169.1527,0.0,0.0,0.2119
BCS5__Cow_25,167.9445,167.9445,168.1942,0.0,0.0,0.2497
BCS5__Cow_24_7022,169.3071,169.3071,169.0582,0.0,0.0,0.249
BCS5__Cow_24,171.4778,171.4778,171.5249,0.0,0.0,0.0471
BCS5__Cow_21,171.0536,171.0536,171.1505,0.0,0.0,0.0969
BCS4__Cow_44_1,169.407,169.407,169.5339,0.0,0.0,0.1268
BCS6__Cow_7_9008,168.9982,168.9982,169.0392,0.0,0.0,0.0411
BCS6__Cow_52_29,173.0735,173.0735,172.7494,0.0,0.0,0.324
BCS4__Cow_15_68,170.6436,170.6436,171.347,0.0,0.0,0.7034
BCS4__Cow_6,168.2713,168.2713,168.2683,0.0,0.0,0.0031
BCS4__Cow_55,170.6721,170.6721,172.3004,0.0,0.0,1.6283
BCS4__Cow_51_0035,166.4742,166.4742,167.1293,0.0,0.0,0.655
BCS4__Cow_51,170.2203,170.2203,170.3634,0.0,0.0,0.1431
BCS4__Cow_4_1,163.2478,163.2478,162.8762,0.0,0.0,0.3716
BCS4__Cow_49,165.7921,165.7921,168.5838,0.0,0.0,2.7917
BCS2__Cow_21_8029,164.2026,164.2026,164.3908,0.0,0.0,0.1882
BCS4__Cow_30,170.3642,170.3642,169.9082,0.0,0.0,0.4561
BCS6__Cow_2_6006,171.9256,171.9256,171.942,0.0,0.0,0.0165
BCS5__Cow_7_6022,169.1231,169.1231,168.2647,0.0,0.0,0.8584
BCS3__Cow_16,164.1467,164.1467,163.6712,0.0,0.0,0.4754
BCS3__Cow_14,162.6376,162.6376,166.9394,0.0,0.0,4.3017
BCS2__Cow_21_8029,164.2026,164.2026,164.3908,0.0,0.0,0.1882
BCS2__Cow_11_2,170.0704,170.0704,170.7906,0.0,0.0,0.7203
BCS2__Cow_11,172.5874,172.5874,172.578,0.0,0.0,0.0093
BCS6__Cow_9_1044,167.544,167.544,167.934,0.0,0.0,0.3901
BCS4__Cow_9,164.2717,164.2717,163.2863,0.0,0.0,0.9854
BCS4__Cow_8,169.6336,169.6336,169.7507,0.0,0.0,0.1171
BCS4__Cow_7,171.9101,171.9101,172.049,0.0,0.0,0.1389
BCS5__Cow_3,171.8824,171.8824,171.02,0.0,0.0,0.8624
BCS5__Cow_29,171.1119,171.1119,172.1473,0.0,0.0,1.0354
BCS5__Cow_28_4024,164.4756,164.4756,165.0484,0.0,0.0,0.5728
BCS4__Cow_55,170.6721,170.6721,172.3004,0.0,0.0,1.6283
BCS4__Cow_51_0035,166.4742,166.4742,167.1293,0.0,0.0,0.655
BCS4__Cow_51,170.2203,170.2203,170.3634,0.0,0.0,0.1431
BCS4__Cow_4_1,163.2478,163.2478,162.8762,0.0,0.0,0.3716
BCS4__Cow_49,165.7921,165.7921,168.5838,0.0,0.0,2.7917
BCS4__Cow_55,170.6721,170.6721,172.3004,0.0,0.0,1.6283
BCS4__Cow_10_2038,171.4945,171.4945,171.6048,0.0,0.0,0.1103
BCS3__Cow_6_103,159.5771,159.5771,160.9029,0.0,0.0,1.3258
BCS3__Cow_46_2,166.6349,166.6349,167.854,0.0,0.0,1.2191
BCS3__Cow_2_1015,166.1065,166.1065,165.9992,0.0,0.0,0.1073
BCS3__Cow_25_66,162.6205,162.6205,163.0467,0.0,0.0,0.4262
BCS3__Cow_20_0029,169.9026,169.9026,169.9301,0.0,0.0,0.0275
BCS3__Cow_16_1004,165.8256,165.8256,167.0959,0.0,0.0,1.2703
BCS3__Cow_16,164.1467,164.1467,163.6712,0.0,0.0,0.4754
BCS3__Cow_14,162.6376,162.6376,166.9394,0.0,0.0,4.3017
BCS4__Cow_22_6005,170.816,170.816,170.912,0.0,0.0,0.096
BCS4__Cow_19_0037,169.5573,169.5573,170.9981,0.0,0.0,1.4407
BCS5__Cow_1_27,170.659,170.659,170.7919,0.0,0.0,0.133
BCS5__Cow_13_8001,170.3966,170.3966,170.8188,0.0,0.0,0.4222
BCS5__Cow_13,172.7589,172.7589,172.5357,0.0,0.0,0.2232
BCS4__Cow_42,169.31,169.31,170.1575,0.0,0.0,0.8475
BCS4__Cow_41,173.5825,173.5825,173.5825,0.0,0.0,0.0
BCS4__Cow_4,171.3765,171.3765,170.8909,0.0,0.0,0.4856
BCS5__Cow_6_5051,168.8079,168.8079,171.6386,0.0,0.0,2.8307
BCS5__Cow_54,170.2772,170.2772,170.3335,0.0,0.0,0.0563
BCS5__Cow_13,172.7589,172.7589,172.804,0.0,0.0,0.0452
BCS5__Cow_12_NOTAG,171.8617,171.8617,171.1471,0.0,0.0,0.7146
BCS5__Cow_10_0029,171.1487,171.1487,171.1713,0.0,0.0,0.0227
BCS4__Cow_6,168.2713,168.2713,168.2683,0.0,0.0,0.0031
BCS5__Cow_24,171.4778,171.4778,171.5249,0.0,0.0,0.0471
BCS5__Cow_21,171.0536,171.0536,171.1505,0.0,0.0,0.0969
BCS4__Cow_51_0035,166.4742,166.4742,167.1293,0.0,0.0,0.655
BCS4__Cow_51,170.2203,170.2203,170.3634,0.0,0.0,0.1431
BCS4__Cow_4_1,163.2478,163.2478,162.8762,0.0,0.0,0.3716
BCS5__Cow_32,172.5406,172.5406,172.8797,0.0,0.0,0.3392
BCS5__Cow_31_2024,169.4,169.4,169.4,0.0,0.0,0.0
BCS5__Cow_31_15,172.0015,172.0015,171.9007,0.0,0.0,0.1008
BCS6__Cow_35,172.9936,172.9936,173.1172,0.0,0.0,0.1236
BCS6__Cow_32_34,174.2545,174.2545,174.1654,0.0,0.0,0.0892
BCS6__Cow_2_6006,171.9256,171.9256,171.942,0.0,0.0,0.0165
BCS6__Cow_18,170.9173,170.9173,171.2469,0.0,0.0,0.3296
BCS6__Cow_12_2014,172.7046,172.7046,173.4295,0.0,0.0,0.7249
BCS4__Cow_27_9008,166.9325,166.9325,168.1223,0.0,0.0,1.1898
BCS4__Cow_26_5051,165.9182,165.9182,166.039,0.0,0.0,0.1208
BCS4__Cow_26,170.1265,170.1265,170.0129,0.0,0.0,0.1136
BCS5__Cow_6_5051,168.8079,168.8079,171.6386,0.0,0.0,2.8307
BCS5__Cow_54,170.2772,170.2772,170.3335,0.0,0.0,0.0563
BCS5__Cow_48_1018,166.4331,166.4331,166.4699,0.0,0.0,0.0367
BCS5__Cow_45,169.9891,169.9891,169.8477,0.0,0.0,0.1414
BCS5__Cow_37_and_38,170.9373,170.9373,170.4535,0.0,0.0,0.4839
BCS4__Cow_47_1,166.424,166.424,167.729,0.0,0.0,1.305
BCS5__Cow_34,171.148,171.148,171.2102,0.0,0.0,0.0622
BCS5__Cow_32,172.5406,172.5406,172.8797,0.0,0.0,0.3392
BCS5__Cow_31_2024,169.4,169.4,169.4,0.0,0.0,0.0
BCS5__Cow_3,171.8824,171.8824,171.02,0.0,0.0,0.8624
BCS5__Cow_28_4024,164.4756,164.4756,165.0484,0.0,0.0,0.5728
BCS5__Cow_27,168.9407,168.9407,169.1527,0.0,0.0,0.2119
BCS5__Cow_24_7022,169.3071,169.3071,169.0582,0.0,0.0,0.249
BCS4__Cow_30,170.3642,170.3642,169.9082,0.0,0.0,0.4561
BCS4__Cow_29_7007,163.2271,163.2271,165.9287,0.0,0.0,2.7016
BCS4__Cow_27_9008,166.9325,166.9325,168.1223,0.0,0.0,1.1898
BCS4__Cow_26_5051,165.9182,165.9182,166.039,0.0,0.0,0.1208
BCS4__Cow_26,170.1265,170.1265,170.0129,0.0,0.0,0.1136
BCS4__Cow_23,169.3807,169.3807,169.4811,0.0,0.0,0.1004
BCS4__Cow_22_6005,170.816,170.816,170.912,0.0,0.0,0.096
BCS4__Cow_2,173.3733,173.3733,173.7916,0.0,0.0,0.4184
BCS4__Cow_2,173.3733,173.3733,173.7916,0.0,0.0,0.4184
BCS4__Cow_19_0037,169.5573,169.5573,170.9981,0.0,0.0,1.4407
BCS3__Cow_2_1015,166.1065,166.1065,165.9992,0.0,0.0,0.1073
BCS3__Cow_25_66,162.6205,162.6205,163.0467,0.0,0.0,0.4262
BCS3__Cow_22_1,171.4064,171.4064,171.2455,0.0,0.0,0.1609
BCS4__Cow_17,172.2933,172.2933,172.0174,0.0,0.0,0.2759
BCS4__Cow_15_68,170.6436,170.6436,171.347,0.0,0.0,0.7034
BCS4__Cow_10_2038,171.4945,171.4945,171.6048,0.0,0.0,0.1103
BCS3__Cow_14,162.6376,162.6376,166.9394,0.0,0.0,4.3017
BCS4__Cow_31,169.2404,169.2404,169.1912,0.0,0.0,0.0492
BCS4__Cow_30,170.3642,170.3642,169.9082,0.0,0.0,0.4561
BCS4__Cow_29_7007,163.2271,163.2271,165.9287,0.0,0.0,2.7016
BCS4__Cow_27_9008,166.9325,166.9325,168.1223,0.0,0.0,1.1898
BCS4__Cow_26_5051,165.9182,165.9182,166.039,0.0,0.0,0.1208
BCS4__Cow_26,170.1265,170.1265,170.0129,0.0,0.0,0.1136
BCS4__Cow_23,169.3807,169.3807,169.4811,0.0,0.0,0.1004
BCS4__Cow_22_6005,170.816,170.816,170.912,0.0,0.0,0.096
BCS5__Cow_34,171.148,171.148,171.2102,0.0,0.0,0.0622
BCS5__Cow_32,172.5406,172.5406,172.8797,0.0,0.0,0.3392
BCS5__Cow_31_2024,169.4,169.4,169.4,0.0,0.0,0.0
BCS4__Cow_47_1,166.424,166.424,167.729,0.0,0.0,1.305
BCS4__Cow_44_1,169.407,169.407,169.5339,0.0,0.0,0.1268
BCS4__Cow_4,171.3765,171.3765,170.8909,0.0,0.0,0.4856
BCS2__Cow_11,172.5874,172.5874,172.5668,0.0,0.0,0.0205
BCS6__Cow_9_1044,167.544,167.544,167.934,0.0,0.0,0.3901
BCS6__Cow_7_9008,168.9982,168.9982,169.0392,0.0,0.0,0.0411
BCS6__Cow_52_29,173.0735,173.0735,172.7494,0.0,0.0,0.324
BCS6__Cow_4_103,172.5748,172.5748,172.5046,0.0,0.0,0.0702
BCS6__Cow_47_68,171.1938,171.1938,171.3756,0.0,0.0,0.1818
BCS3__Cow_22,170.9117,170.9117,171.1082,0.0,0.0,0.1964
BCS3__Cow_20_0029,169.9026,169.9026,169.9301,0.0,0.0,0.0275
BCS3__Cow_16_1004,165.8256,165.8256,167.0959,0.0,0.0,1.2703
BCS3__Cow_16,164.1467,164.1467,163.6712,0.0,0.0,0.4754
BCS3__Cow_14,162.6376,162.6376,166.9394,0.0,0.0,4.3017
BCS4__Cow_19,170.6002,170.6002,170.832,0.0,0.0,0.2319
BCS4__Cow_17,172.2933,172.2933,172.0174,0.0,0.0,0.2759
BCS4__Cow_15_68,170.6436,170.6436,171.347,0.0,0.0,0.7034
BCS4__Cow_10_2038,171.4945,171.4945,171.6048,0.0,0.0,0.1103
BCS3__Cow_6_103,159.5771,159.5771,160.9029,0.0,0.0,1.3258
BCS3__Cow_46_1,162.4482,162.4482,162.9556,0.0,0.0,0.5073
BCS3__Cow_2_1015,166.1065,166.1065,165.9992,0.0,0.0,0.1073
BCS5__Cow_50,173.293,173.293,173.3116,0.0,0.0,0.0186
BCS5__Cow_48_1018,166.4331,166.4331,166.4699,0.0,0.0,0.0367
BCS5__Cow_45,169.9891,169.9891,169.8477,0.0,0.0,0.1414
BCS5__Cow_44_3008,164.1025,164.1025,164.1025,0.0,0.0,0.0
BCS5__Cow_43,169.0247,169.0247,168.7223,0.0,0.0,0.3025
BCS6__Cow_9_1044,167.544,167.544,167.934,0.0,0.0,0.3901
BCS6__Cow_7_9008,168.9982,168.9982,169.0392,0.0,0.0,0.0411
BCS4__Cow_10,169.024,169.024,169.4766,0.0,0.0,0.4526
BCS3__Cow_6_103,159.5771,159.5771,160.9029,0.0,0.0,1.3258
BCS3__Cow_53,168.2141,168.2141,168.8086,0.0,0.0,0.5945
BCS3__Cow_46_2,166.6349,166.6349,167.854,0.0,0.0,1.2191
BCS3__Cow_46_1,162.4482,162.4482,162.9556,0.0,0.0,0.5073
BCS2__Cow_21_8029,164.2026,164.2026,164.3908,0.0,0.0,0.1882
BCS2__Cow_11_2,170.0704,170.0704,170.7906,0.0,0.0,0.7203
BCS5__Cow_13_8001,170.3966,170.3966,170.8188,0.0,0.0,0.4222
BCS5__Cow_13,172.7589,172.7589,172.804,0.0,0.0,0.0452
BCS5__Cow_12_NOTAG,171.8617,171.8617,171.1471,0.0,0.0,0.7146
BCS5__Cow_6_5051,168.8079,168.8079,171.6386,0.0,0.0,2.8307
BCS5__Cow_54,170.2772,170.2772,170.3335,0.0,0.0,0.0563
BCS5__Cow_50_49,169.2381,169.2381,168.9834,0.0,0.0,0.2547
BCS4__Cow_19_0037,169.5573,169.5573,170.9981,0.0,0.0,1.4407
BCS5__Cow_1_27,170.659,170.659,170.7919,0.0,0.0,0.133
BCS5__Cow_13_8001,170.3966,170.3966,170.8188,0.0,0.0,0.4222
BCS6__Cow_36_1,172.1313,172.1313,172.0548,0.0,0.0,0.0764
BCS4__Cow_15_68,170.6436,170.6436,171.347,0.0,0.0,0.7034
BCS4__Cow_15_68,170.6436,170.6436,171.347,0.0,0.0,0.7034
BCS4__Cow_10_2038,171.4945,171.4945,171.6048,0.0,0.0,0.1103
BCS3__Cow_6_103,159.5771,159.5771,160.9029,0.0,0.0,1.3258
BCS3__Cow_53,168.2141,168.2141,168.8086,0.0,0.0,0.5945
BCS3__Cow_46_2,166.6349,166.6349,167.854,0.0,0.0,1.2191
BCS6__Cow_18_32,173.0762,173.0762,173.2106,0.0,0.0,0.1344
BCS6__Cow_18,170.9173,170.9173,171.2469,0.0,0.0,0.3296
BCS5__Cow_37_and_38,170.9373,170.9373,170.4535,0.0,0.0,0.4839
BCS5__Cow_37,171.822,171.822,172.1435,0.0,0.0,0.3214
BCS5__Cow_34_1,164.493,164.493,164.3902,0.0,0.0,0.1028
BCS5__Cow_34,171.148,171.148,171.2102,0.0,0.0,0.0622
BCS6__Cow_35,172.9936,172.9936,173.1172,0.0,0.0,0.1236
BCS6__Cow_32_34,174.2545,174.2545,174.1654,0.0,0.0,0.0892
BCS5__Cow_10_0029,171.1487,171.1487,171.2304,0.0,0.0,0.0818
BCS4__Cow_55,170.6721,170.6721,172.3004,0.0,0.0,1.6283
BCS4__Cow_51,170.2203,170.2203,170.4062,0.0,0.0,0.1859
BCS2__Cow_5_1,171.3486,171.3486,170.7408,0.0,0.0,0.6078
BCS6__Cow_45_9025,168.5202,168.5202,168.687,0.0,0.0,0.1669
BCS6__Cow_3_25,173.5926,173.5926,173.5926,0.0,0.0,0.0
BCS6__Cow_36_1,172.1313,172.1313,172.0548,0.0,0.0,0.0764
BCS6__Cow_36,172.3172,172.3172,172.5595,0.0,0.0,0.2423
BCS5__Cow_7_6022,169.1231,169.1231,168.2647,0.0,0.0,0.8584
BCS5__Cow_6_5051,168.8079,168.8079,171.6386,0.0,0.0,2.8307
BCS5__Cow_54,170.2772,170.2772,170.3335,0.0,0.0,0.0563
BCS4__Cow_10_2038,171.4945,171.4945,171.6048,0.0,0.0,0.1103
BCS5__Cow_31_15,172.0015,172.0015,171.9007,0.0,0.0,0.1008
BCS5__Cow_30_30,172.2116,172.2116,172.2082,0.0,0.0,0.0034
BCS5__Cow_3,171.8824,171.8824,171.02,0.0,0.0,0.8624
BCS4__Cow_10,169.024,169.024,169.4766,0.0,0.0,0.4526
BCS5__Cow_17_17,170.9242,170.9242,171.5317,0.0,0.0,0.6074
BCS5__Cow_3,171.8824,171.8824,170.8676,0.0,0.0,1.0148
BCS5__Cow_28_4024,164.4756,164.4756,165.0484,0.0,0.0,0.5728
BCS5__Cow_24,171.4778,171.4778,171.5249,0.0,0.0,0.0471
BCS6__Cow_28_3083,172.9156,172.9156,172.9924,0.0,0.0,0.0768
BCS6__Cow_26_6,172.8825,172.8825,172.9128,0.0,0.0,0.0303
BCS6__Cow_24_08,173.6606,173.6606,173.5109,0.0,0.0,0.1497
BCS6__Cow_19_29,172.4235,172.4235,172.4241,0.0,0.0,0.0006
BCS6__Cow_2_6006,171.9256,171.9256,172.1883,0.0,0.0,0.2628
BCS6__Cow_29_NOTAG,170.0253,170.0253,170.1867,0.0,0.0,0.1615
BCS5__Cow_10_0029,171.1487,171.1487,171.1713,0.0,0.0,0.0227
BCS5__Cow_53_30,170.9767,170.9767,170.132,0.0,0.0,0.8446
BCS5__Cow_50_49,169.2381,169.2381,168.9834,0.0,0.0,0.2547
BCS5__Cow_50,173.293,173.293,173.3116,0.0,0.0,0.0186
BCS5__Cow_48_1018,166.4331,166.4331,166.4699,0.0,0.0,0.0367
BCS5__Cow_45,169.9891,169.9891,169.8477,0.0,0.0,0.1414
BCS5__Cow_44_3008,164.1025,164.1025,164.1025,0.0,0.0,0.0
BCS5__Cow_43,169.0247,169.0247,168.7223,0.0,0.0,0.3025
BCS5__Cow_37_and_38,170.9373,170.9373,170.4535,0.0,0.0,0.4839
BCS6__Cow_16_06,172.7114,172.7114,172.9491,0.0,0.0,0.2378
BCS6__Cow_13_66,171.2122,171.2122,170.4462,0.0,0.0,0.7661
BCS6__Cow_12_2014,172.7046,172.7046,173.4295,0.0,0.0,0.7249
BCS6__Cow_11_07,172.8685,172.8685,172.8202,0.0,0.0,0.0483
BCS5__Cow_8_NOTAG,170.1045,170.1045,170.5821,0.0,0.0,0.4777
BCS4__Cow_33,169.3226,169.3226,169.0742,0.0,0.0,0.2484
BCS4__Cow_9,164.2717,164.2717,163.2863,0.0,0.0,0.9854
BCS4__Cow_8,169.6336,169.6336,169.7507,0.0,0.0,0.1171
BCS4__Cow_7,171.9101,171.9101,172.049,0.0,0.0,0.1389
BCS5__Cow_3,171.8824,171.8824,171.02,0.0,0.0,0.8624
BCS5__Cow_29,171.1119,171.1119,172.1473,0.0,0.0,1.0354
BCS5__Cow_28_4024,164.4756,164.4756,165.0484,0.0,0.0,0.5728
BCS5__Cow_28,170.2135,170.2135,169.9977,0.0,0.0,0.2158
BCS5__Cow_27,168.9407,168.9407,169.1527,0.0,0.0,0.2119
BCS5__Cow_25,167.9445,167.9445,168.1942,0.0,0.0,0.2497
BCS5__Cow_24_7022,169.3071,169.3071,169.0582,0.0,0.0,0.249
BCS5__Cow_24,171.4778,171.4778,171.5249,0.0,0.0,0.0471
BCS5__Cow_23_1067,169.7626,169.7626,169.8199,0.0,0.0,0.0573
BCS5__Cow_21,171.0536,171.0536,171.1505,0.0,0.0,0.0969
BCS5__Cow_1_27,170.659,170.659,170.7919,0.0,0.0,0.133
BCS4__Cow_41,173.5825,173.5825,173.5825,0.0,0.0,0.0
BCS5__Cow_37,171.822,171.822,172.1435,0.0,0.0,0.3214
BCS5__Cow_34_1,164.493,164.493,164.3902,0.0,0.0,0.1028
BCS5__Cow_34,171.148,171.148,171.2102,0.0,0.0,0.0622
BCS5__Cow_32,172.5406,172.5406,172.8797,0.0,0.0,0.3392
BCS5__Cow_31_2024,169.4,169.4,169.4,0.0,0.0,0.0
BCS5__Cow_29,171.1119,171.1119,172.1473,0.0,0.0,1.0354
BCS5__Cow_28_4024,164.4756,164.4756,165.0484,0.0,0.0,0.5728
BCS5__Cow_28,170.2135,170.2135,169.9977,0.0,0.0,0.2158
BCS5__Cow_27,168.9407,168.9407,169.1527,0.0,0.0,0.2119
BCS5__Cow_25,167.9445,167.9445,168.1942,0.0,0.0,0.2497
BCS3__Cow_25_66,162.6205,162.6205,163.0467,0.0,0.0,0.4262
BCS3__Cow_22_1,171.4064,171.4064,171.2455,0.0,0.0,0.1609
BCS3__Cow_20_0029,169.9026,169.9026,169.9301,0.0,0.0,0.0275
BCS3__Cow_16_1004,165.8256,165.8256,167.0959,0.0,0.0,1.2703
BCS4__Cow_48,170.0728,170.0728,169.8971,0.0,0.0,0.1757
BCS4__Cow_4,171.3765,171.3765,170.8909,0.0,0.0,0.4856
BCS4__Cow_27_9008,166.9325,166.9325,168.1223,0.0,0.0,1.1898
BCS4__Cow_26_5051,165.9182,165.9182,166.039,0.0,0.0,0.1208
BCS4__Cow_26,170.1265,170.1265,170.0129,0.0,0.0,0.1136
BCS3__Cow_16,164.1467,164.1467,163.6712,0.0,0.0,0.4754
BCS2__Cow_11,172.5874,172.5874,172.5668,0.0,0.0,0.0205
BCS4__Cow_1,173.9303,173.9303,173.9561,0.0,0.0,0.0258
BCS3__Cow_6_103,159.5771,159.5771,160.9029,0.0,0.0,1.3258
BCS3__Cow_53,168.2141,168.2141,168.8086,0.0,0.0,0.5945
BCS3__Cow_46_2,166.6349,166.6349,167.854,0.0,0.0,1.2191
BCS3__Cow_46_1,162.4482,162.4482,162.9556,0.0,0.0,0.5073
BCS3__Cow_46,166.4163,166.4163,166.9835,0.0,0.0,0.5672
BCS4__Cow_30,170.3642,170.3642,169.9082,0.0,0.0,0.4561
BCS4__Cow_29_7007,163.2271,163.2271,165.9287,0.0,0.0,2.7016
BCS3__Cow_20_0029,169.9026,169.9026,169.9301,0.0,0.0,0.0275
BCS3__Cow_16_1004,165.8256,165.8256,167.0959,0.0,0.0,1.2703
BCS4__Cow_23,169.3807,169.3807,169.4811,0.0,0.0,0.1004
BCS3__Cow_14,162.6376,162.6376,166.9394,0.0,0.0,4.3017
BCS3__Cow_22_1,171.4064,171.4064,171.2455,0.0,0.0,0.1609
BCS3__Cow_22,170.9117,170.9117,171.1082,0.0,0.0,0.1964
BCS3__Cow_25_66,162.6205,162.6205,163.0467,0.0,0.0,0.4262
BCS5__Cow_15,169.6736,169.6736,169.6341,0.0,0.0,0.0395
BCS3__Cow_14_0011,169.9281,169.9281,169.816,0.0,0.0,0.1121
BCS2__Cow_11_1,170.7947,170.7947,170.8619,0.0,0.0,0.0672
BCS2__Cow_11_2,170.0704,170.0704,170.7906,0.0,0.0,0.7203
BCS2__Cow_21_8029,164.2026,164.2026,164.3908,0.0,0.0,0.1882
BCS5__Cow_17_17,170.9242,170.9242,171.5317,0.0,0.0,0.6074
BCS4__Cow_32_0035,168.3115,168.3115,168.3901,0.0,0.0,0.0786
BCS4__Cow_31,169.2404,169.2404,169.1912,0.0,0.0,0.0492
BCS5__Cow_24_7022,169.3071,169.3071,169.0582,0.0,0.0,0.249
BCS5__Cow_24,171.4778,171.4778,171.5249,0.0,0.0,0.0471
BCS5__Cow_21,171.0536,171.0536,171.1505,0.0,0.0,0.0969
BCS4__Cow_2,173.3733,173.3733,173.7916,0.0,0.0,0.4184
