bag_id,true_label5,pred_label5,true_bcs,pred_bcs,true_label3,pred_label3_final,low_score,high_score,attn_entropy,good_frame_ratio,good_angle_frame_count,prob_bcs2,prob_bcs3,prob_bcs4,prob_bcs5,prob_bcs6,fold_id,variant,coverage,eligible_total_bags,raw_total_bags
BCS2__Cow_21_8029,0,1,2,3,0,0,0.83203125,0.0008625984191894531,2.48201322555542,1.0,61.0,0.006846208591014147,0.9452310800552368,0.04064780846238136,0.006733489688485861,0.0005414988263510168,0,rgb_only_lowhigh,1.0,151,151
BCS3__Cow_16,1,1,3,3,0,0,0.23095703125,0.046539306640625,2.463610887527466,1.0,44.0,0.00734404893592,0.4230969250202179,0.3848581314086914,0.12091633677482605,0.06378457695245743,0,rgb_only_lowhigh,1.0,151,151
BCS3__Cow_16_1,1,2,3,4,0,1,0.1695556640625,0.07586669921875,2.4840757846832275,1.0,3.0,0.015523253940045834,0.22342754900455475,0.4128568172454834,0.21894565224647522,0.1292468160390854,0,rgb_only_lowhigh,1.0,151,151
BCS3__Cow_16_1004,1,1,3,3,0,0,0.71044921875,0.0029354095458984375,2.480764865875244,1.0,4.0,0.006671370938420296,0.8944981098175049,0.08207150548696518,0.014736181125044823,0.002022766275331378,0,rgb_only_lowhigh,1.0,151,151
BCS3__Cow_16_2,1,1,3,3,0,0,0.464111328125,0.01507568359375,2.484513521194458,1.0,4.0,0.05645172670483589,0.5011872053146362,0.2773906886577606,0.1352224200963974,0.029747970402240753,0,rgb_only_lowhigh,1.0,151,151
BCS3__Cow_25_66,1,1,3,3,0,0,0.53759765625,0.0025806427001953125,2.4829678535461426,1.0,5.0,0.0009992171544581652,0.8873853087425232,0.09956187009811401,0.010215681046247482,0.0018378417007625103,0,rgb_only_lowhigh,1.0,151,151
BCS3__Cow_2_1015,1,1,3,3,0,0,0.85498046875,0.00014543533325195312,2.470702648162842,1.0,5.0,0.00033667750540189445,0.9842096567153931,0.01466970331966877,0.0007346534403041005,4.92668041260913e-05,0,rgb_only_lowhigh,1.0,151,151
BCS3__Cow_46,1,0,3,2,0,0,0.83837890625,0.00861358642578125,2.476877450942993,1.0,60.0,0.9581655263900757,0.006178498268127441,0.00738747650757432,0.025803720578551292,0.002464847406372428,0,rgb_only_lowhigh,1.0,151,151
BCS3__Cow_46_1,1,0,3,2,0,0,0.96337890625,0.0018100738525390625,2.4836435317993164,1.0,39.0,0.9933352470397949,0.002215768676251173,0.0009363849530927837,0.003391867969185114,0.00012068676733179018,0,rgb_only_lowhigh,1.0,151,151
BCS3__Cow_46_2,1,0,3,2,0,0,0.8837890625,0.00208282470703125,2.4493067264556885,1.0,6.0,0.9221890568733215,0.029484927654266357,0.015096238814294338,0.031586404889822006,0.0016432437114417553,0,rgb_only_lowhigh,1.0,151,151
BCS3__Cow_53,1,0,3,2,0,0,0.876953125,0.001995086669921875,2.425954580307007,1.0,7.0,0.7423883080482483,0.15860477089881897,0.044301778078079224,0.05171821266412735,0.0029869340360164642,0,rgb_only_lowhigh,1.0,151,151
BCS4__Cow_15_68,2,2,4,4,1,1,0.10821533203125,0.043365478515625,2.4835424423217773,1.0,3.0,0.002429951447993517,0.27922332286834717,0.4819836914539337,0.14491219818592072,0.0914507731795311,0,rgb_only_lowhigh,1.0,151,151
BCS4__Cow_17,2,1,4,3,1,0,0.5341796875,0.0102081298828125,2.4840240478515625,1.0,26.0,0.005520020145922899,0.800265908241272,0.15881763398647308,0.0282390508800745,0.007157403044402599,0,rgb_only_lowhigh,1.0,151,151
BCS4__Cow_19,2,0,4,2,1,0,0.86376953125,0.00701141357421875,2.4784340858459473,1.0,65.0,0.8504799604415894,0.06742466241121292,0.030662700533866882,0.04732927680015564,0.004103402607142925,0,rgb_only_lowhigh,1.0,151,151
BCS4__Cow_19_0037,2,1,4,3,1,0,0.63232421875,0.0024623870849609375,2.4839725494384766,1.0,6.0,0.0017899752128869295,0.9039835929870605,0.08334779739379883,0.009374221786856651,0.0015043691964820027,0,rgb_only_lowhigh,1.0,151,151
BCS4__Cow_2,2,1,4,3,1,0,0.7080078125,0.00609588623046875,2.4744348526000977,1.0,15.0,0.011339033022522926,0.8696534037590027,0.09587224572896957,0.01952524296939373,0.0036100430879741907,0,rgb_only_lowhigh,1.0,151,151
BCS4__Cow_23,2,1,4,3,1,0,0.56787109375,0.0050811767578125,2.482819080352783,1.0,42.0,0.00227715284563601,0.8680812120437622,0.11210212111473083,0.014378000050783157,0.0031615132465958595,0,rgb_only_lowhigh,1.0,151,151
BCS4__Cow_23_1,2,1,4,3,1,0,0.755859375,0.0024814605712890625,2.484356641769409,1.0,38.0,0.00457199988886714,0.9283671975135803,0.057691335678100586,0.00814251508563757,0.001226937398314476,0,rgb_only_lowhigh,1.0,151,151
BCS4__Cow_2_6016,2,1,4,3,1,0,0.7431640625,0.002834320068359375,2.4841365814208984,1.0,2.0,0.008673074655234814,0.899487316608429,0.07584413886070251,0.014139791950583458,0.0018556428840383887,0,rgb_only_lowhigh,1.0,151,151
BCS4__Cow_31,2,0,4,2,1,0,0.98681640625,0.00020992755889892578,2.4556567668914795,1.0,13.0,0.9960838556289673,0.002325122943148017,0.00039142341120168567,0.0011858182260766625,1.3791973287879955e-05,0,rgb_only_lowhigh,1.0,151,151
BCS4__Cow_32_0035,2,1,4,3,1,0,0.8681640625,0.0005464553833007812,2.4826059341430664,1.0,8.0,0.004801806062459946,0.9636709094047546,0.027524756267666817,0.003728710114955902,0.00027382507687434554,0,rgb_only_lowhigh,1.0,151,151
BCS4__Cow_44_1,2,1,4,3,1,0,0.4208984375,0.036285400390625,2.4807069301605225,1.0,46.0,0.04980951547622681,0.45848727226257324,0.29936483502388,0.14476336538791656,0.04757500812411308,0,rgb_only_lowhigh,1.0,151,151
BCS4__Cow_51,2,0,4,2,1,0,0.673828125,0.0258636474609375,2.4848599433898926,1.0,4.0,0.8811538219451904,0.009655815549194813,0.022123975679278374,0.07426200062036514,0.012804375030100346,0,rgb_only_lowhigh,1.0,151,151
BCS4__Cow_51_0035,2,4,4,6,1,2,0.008880615234375,0.48193359375,2.4842936992645264,1.0,5.0,0.0015944619663059711,0.0023564619477838278,0.08555866777896881,0.2053949534893036,0.7050954699516296,0,rgb_only_lowhigh,1.0,151,151
BCS4__Cow_7,2,0,4,2,1,0,0.9384765625,0.0016613006591796875,2.4679718017578125,1.0,18.0,0.7795478105545044,0.1705763190984726,0.024936465546488762,0.023794541135430336,0.0011448533041402698,0,rgb_only_lowhigh,1.0,151,151
BCS4__Cow_7_06,2,0,4,2,1,0,0.546875,0.01666259765625,2.4833292961120605,1.0,4.0,0.5553621649742126,0.07399485260248184,0.11778244376182556,0.21608704328536987,0.036773473024368286,0,rgb_only_lowhigh,1.0,151,151
BCS5__Cow_15,3,3,5,5,1,1,0.285888671875,0.06231689453125,2.477238655090332,1.0,29.0,0.10407327860593796,0.1639302372932434,0.3013298809528351,0.3074982166290283,0.12316838651895523,0,rgb_only_lowhigh,1.0,151,151
BCS5__Cow_17_17,3,4,5,6,1,2,0.012725830078125,0.54345703125,2.4830331802368164,1.0,8.0,0.00222780741751194,0.003644449869170785,0.09322600066661835,0.2023111879825592,0.6985905170440674,0,rgb_only_lowhigh,1.0,151,151
BCS5__Cow_17_72,3,1,5,3,1,0,0.434814453125,0.00916290283203125,2.4844517707824707,1.0,3.0,0.005166332703083754,0.7330700755119324,0.21002809703350067,0.04162033647298813,0.010115189477801323,0,rgb_only_lowhigh,1.0,151,151
BCS5__Cow_21,3,2,5,4,1,1,0.146728515625,0.07989501953125,2.4748971462249756,1.0,26.0,0.006396303419023752,0.26451238989830017,0.4367465376853943,0.17099064588546753,0.12135417759418488,0,rgb_only_lowhigh,1.0,151,151
BCS5__Cow_21_4079,3,4,5,6,1,2,0.0136871337890625,0.5791015625,2.484858512878418,1.0,2.0,0.00802519079297781,0.0007822823245078325,0.04196694493293762,0.190671905875206,0.758553683757782,0,rgb_only_lowhigh,1.0,151,151
BCS5__Cow_23_1067,3,4,5,6,1,2,0.0082855224609375,0.63134765625,2.484060287475586,1.0,5.0,0.0013076519826427102,0.0018878162372857332,0.06559610366821289,0.16812008619308472,0.7630883455276489,0,rgb_only_lowhigh,1.0,151,151
BCS5__Cow_23_49,3,1,5,3,1,0,0.72412109375,0.00279998779296875,2.4848580360412598,1.0,3.0,0.009962656535208225,0.883768618106842,0.08631671965122223,0.017803767696022987,0.002148272469639778,0,rgb_only_lowhigh,1.0,151,151
BCS5__Cow_25,3,1,5,3,1,0,0.6875,0.00206756591796875,2.4577722549438477,1.0,66.0,0.00146347691770643,0.932478666305542,0.05908973142504692,0.0059602465480566025,0.0010077983606606722,0,rgb_only_lowhigh,1.0,151,151
BCS5__Cow_25_6005,3,4,5,6,1,2,0.0045928955078125,0.7041015625,2.484797477722168,1.0,4.0,0.0006271732272580266,0.0007684287265874445,0.04210871085524559,0.1333320438861847,0.823163628578186,0,rgb_only_lowhigh,1.0,151,151
BCS5__Cow_31_15,3,4,5,6,1,2,0.0083770751953125,0.64306640625,2.484384775161743,1.0,4.0,0.0023521629627794027,0.0009157388121820986,0.04556785151362419,0.1613943725824356,0.7897698283195496,0,rgb_only_lowhigh,1.0,151,151
BCS5__Cow_31_2024,3,1,5,3,1,0,0.78076171875,0.0008969306945800781,2.483499526977539,1.0,5.0,0.001516696996986866,0.9569973349571228,0.03758089989423752,0.0035024017561227083,0.00040267041185870767,0,rgb_only_lowhigh,1.0,151,151
BCS5__Cow_32,3,1,5,3,1,0,0.38916015625,0.037109375,2.4790961742401123,1.0,15.0,0.03113945946097374,0.49140316247940063,0.3018590807914734,0.1283937692642212,0.04720460996031761,0,rgb_only_lowhigh,1.0,151,151
BCS5__Cow_44_3008,3,4,5,6,1,2,0.0169830322265625,0.337158203125,2.472860336303711,1.0,10.0,0.0021504347678273916,0.010319438762962818,0.17505216598510742,0.2523474097251892,0.5601305961608887,0,rgb_only_lowhigh,1.0,151,151
BCS5__Cow_45,3,2,5,4,1,1,0.2958984375,0.05108642578125,2.4772119522094727,1.0,25.0,0.03845139220356941,0.3231307566165924,0.35916072130203247,0.19805403053760529,0.08120311796665192,0,rgb_only_lowhigh,1.0,151,151
BCS5__Cow_53_30,3,4,5,6,1,2,0.00600433349609375,0.54443359375,2.482987880706787,1.0,13.0,0.000548043753951788,0.002584110014140606,0.09020776301622391,0.17887473106384277,0.7277853488922119,0,rgb_only_lowhigh,1.0,151,151
BCS5__Cow_7_6022,3,1,5,3,1,0,0.5166015625,0.00600433349609375,2.4822611808776855,1.0,4.0,0.004339134320616722,0.809316873550415,0.15385863184928894,0.02694632112979889,0.005539008416235447,0,rgb_only_lowhigh,1.0,151,151
BCS6__Cow_16_06,4,4,6,6,2,2,0.01358795166015625,0.5400390625,2.483522653579712,1.0,76.0,0.002871858887374401,0.0032733664847910404,0.08847267925739288,0.20812995731830597,0.697252094745636,0,rgb_only_lowhigh,1.0,151,151
BCS6__Cow_19_29,4,4,6,6,2,2,0.00646209716796875,0.6689453125,2.482128143310547,1.0,61.0,0.0008910240139812231,0.0013773522805422544,0.05526044964790344,0.151170015335083,0.7913011312484741,0,rgb_only_lowhigh,1.0,151,151
BCS6__Cow_2_6006,4,4,6,6,2,2,0.00930023193359375,0.560546875,2.478747606277466,1.0,31.0,0.0015181213384494185,0.002449758118018508,0.08115456253290176,0.18898966908454895,0.7258878350257874,0,rgb_only_lowhigh,1.0,151,151
BCS6__Cow_32_34,4,4,6,6,2,2,0.0092315673828125,0.5859375,2.484009265899658,1.0,61.0,0.0015696357004344463,0.0021834836807101965,0.0728919580578804,0.18302682042121887,0.7403281331062317,0,rgb_only_lowhigh,1.0,151,151
BCS6__Cow_36,4,3,6,5,2,1,0.14404296875,0.16259765625,2.4838438034057617,1.0,45.0,0.04103861376643181,0.0801929235458374,0.2934051752090454,0.3250078558921814,0.2603554129600525,0,rgb_only_lowhigh,1.0,151,151
BCS6__Cow_36_1,4,1,6,3,2,0,0.375244140625,0.0489501953125,2.482452869415283,1.0,50.0,0.06275267899036407,0.3662665784358978,0.31077051162719727,0.18769970536231995,0.07251058518886566,0,rgb_only_lowhigh,1.0,151,151
BCS6__Cow_45_9025,4,4,6,6,2,2,0.0110321044921875,0.375244140625,2.48313307762146,1.0,46.0,0.0010323741007596254,0.007763547357171774,0.16405807435512543,0.22821740806102753,0.5989286303520203,0,rgb_only_lowhigh,1.0,151,151
BCS6__Cow_52_29,4,4,6,6,2,2,0.007122039794921875,0.53076171875,2.480055809020996,1.0,61.0,0.000724123208783567,0.003024947363883257,0.09661760181188583,0.18641725182533264,0.7132160067558289,0,rgb_only_lowhigh,1.0,151,151
BCS6__Cow_7_9008,4,4,6,6,2,2,0.01348114013671875,0.5478515625,2.4832990169525146,1.0,61.0,0.002425418235361576,0.003823178354650736,0.09474272280931473,0.20380349457263947,0.6952052116394043,0,rgb_only_lowhigh,1.0,151,151
BCS2__Cow_11,0,4,2,6,0,2,0.114990234375,0.171142578125,2.4610893726348877,1.0,504.0,0.00406481372192502,0.22339904308319092,0.17722006142139435,0.21779821813106537,0.37751784920692444,1,rgb_only_lowhigh,1.0,151,151
BCS2__Cow_11_1,0,1,2,3,0,0,0.54541015625,0.0209197998046875,1.4105579853057861,1.0,52.0,0.07091597467660904,0.5141180157661438,0.24646207690238953,0.12098608911037445,0.04751783609390259,1,rgb_only_lowhigh,1.0,151,151
BCS2__Cow_11_2,0,1,2,3,0,0,0.316162109375,0.049407958984375,2.3928911685943604,1.0,49.0,0.022014835849404335,0.4239961504936218,0.2744886875152588,0.1684071570634842,0.11109314858913422,1,rgb_only_lowhigh,1.0,151,151
BCS3__Cow_12,1,1,3,3,0,0,0.1873779296875,0.09283447265625,2.4605817794799805,1.0,23.0,0.009342745877802372,0.321713924407959,0.24775299429893494,0.20414461195468903,0.21704573929309845,1,rgb_only_lowhigh,1.0,151,151
BCS3__Cow_14,1,1,3,3,0,0,0.146484375,0.0889892578125,2.476118564605713,1.0,17.0,0.006366235204041004,0.3071920573711395,0.2447953075170517,0.20252172648906708,0.23912464082241058,1,rgb_only_lowhigh,1.0,151,151
BCS3__Cow_14_0011,1,1,3,3,0,0,0.36669921875,0.06500244140625,1.959467887878418,1.0,7.0,0.033667534589767456,0.41417959332466125,0.26173052191734314,0.17388249933719635,0.1165398508310318,1,rgb_only_lowhigh,1.0,151,151
BCS3__Cow_33_3008,1,4,3,6,0,2,0.179931640625,0.163818359375,2.4221184253692627,1.0,2.0,0.009710925631225109,0.2640742063522339,0.2083904892206192,0.22142471373081207,0.29639962315559387,1,rgb_only_lowhigh,1.0,151,151
BCS3__Cow_6_103,1,0,3,2,0,0,0.966796875,0.0011472702026367188,2.433455467224121,1.0,5.0,0.8796290755271912,0.09042093902826309,0.022455411031842232,0.00680850213393569,0.0006860878202132881,1,rgb_only_lowhigh,1.0,151,151
BCS4__Cow_1,2,1,4,3,1,0,0.2744140625,0.052703857421875,2.4828097820281982,1.0,19.0,0.016931649297475815,0.4054371416568756,0.2798798382282257,0.17325180768966675,0.12449951469898224,1,rgb_only_lowhigh,1.0,151,151
BCS4__Cow_11_0018,2,1,4,3,1,0,0.355224609375,0.042083740234375,2.4738099575042725,1.0,4.0,0.026935961097478867,0.451159805059433,0.27217644453048706,0.1580243855714798,0.09170343726873398,1,rgb_only_lowhigh,1.0,151,151
BCS4__Cow_11_0075,2,1,4,3,1,0,0.192138671875,0.1405029296875,2.4742915630340576,1.0,4.0,0.012025909498333931,0.2867739498615265,0.23186837136745453,0.21302126348018646,0.25631049275398254,1,rgb_only_lowhigh,1.0,151,151
BCS4__Cow_13_9025,2,1,4,3,1,0,0.29248046875,0.072509765625,2.4755256175994873,1.0,4.0,0.02179311029613018,0.38535019755363464,0.2700707018375397,0.18253831565380096,0.14024773240089417,1,rgb_only_lowhigh,1.0,151,151
BCS4__Cow_1_6006,2,0,4,2,1,0,0.96875,0.00031495094299316406,2.4822938442230225,1.0,4.0,0.6883195042610168,0.2643362283706665,0.03723543882369995,0.009525568224489689,0.0005833376781083643,1,rgb_only_lowhigh,1.0,151,151
BCS4__Cow_26,2,1,4,3,1,0,0.335205078125,0.048126220703125,2.4651408195495605,1.0,15.0,0.024356292560696602,0.43447479605674744,0.2728515863418579,0.16547265648841858,0.10284468531608582,1,rgb_only_lowhigh,1.0,151,151
BCS4__Cow_26_5051,2,1,4,3,1,0,0.2122802734375,0.076416015625,2.3110857009887695,1.0,12.0,0.011125287972390652,0.35051941871643066,0.26003915071487427,0.1960468590259552,0.18226933479309082,1,rgb_only_lowhigh,1.0,151,151
BCS4__Cow_27_9008,2,1,4,3,1,0,0.68310546875,0.017578125,2.3542935848236084,1.0,7.0,0.18085509538650513,0.48470279574394226,0.20677003264427185,0.09685203433036804,0.030820032581686974,1,rgb_only_lowhigh,1.0,151,151
BCS4__Cow_29_7007,2,0,4,2,1,0,0.9287109375,0.0028667449951171875,2.4696145057678223,1.0,5.0,0.7811627388000488,0.14638248085975647,0.052848223596811295,0.0170737337321043,0.0025328323245048523,1,rgb_only_lowhigh,1.0,151,151
BCS4__Cow_33,2,1,4,3,1,0,0.18359375,0.09271240234375,2.460784912109375,1.0,105.0,0.008897063322365284,0.3195059597492218,0.24515321850776672,0.20537146925926208,0.22107230126857758,1,rgb_only_lowhigh,1.0,151,151
BCS4__Cow_35_1044,2,1,4,3,1,0,0.59814453125,0.0248870849609375,2.4359817504882812,1.0,3.0,0.10410019010305405,0.5039626955986023,0.2290332019329071,0.11784583330154419,0.04505804181098938,1,rgb_only_lowhigh,1.0,151,151
BCS4__Cow_4,2,4,4,6,1,2,0.143310546875,0.12548828125,2.4644713401794434,1.0,4.0,0.0059663839638233185,0.2707853615283966,0.21405203640460968,0.21475869417190552,0.2944374978542328,1,rgb_only_lowhigh,1.0,151,151
BCS4__Cow_41,2,4,4,6,1,2,0.033538818359375,0.467529296875,2.4775938987731934,1.0,61.0,0.0003967040393035859,0.06832248717546463,0.05297629162669182,0.15542113780975342,0.7228832840919495,1,rgb_only_lowhigh,1.0,151,151
BCS4__Cow_41_1,2,1,4,3,1,0,0.2242431640625,0.06396484375,2.3733086585998535,1.0,4.0,0.01190046314150095,0.36751094460487366,0.26953402161598206,0.18896494805812836,0.16208964586257935,1,rgb_only_lowhigh,1.0,151,151
BCS4__Cow_48,2,1,4,3,1,0,0.25927734375,0.04840087890625,2.4741621017456055,1.0,13.0,0.011043382808566093,0.4170386791229248,0.247298464179039,0.18379904329776764,0.1408204436302185,1,rgb_only_lowhigh,1.0,151,151
BCS4__Cow_4_1,2,1,4,3,1,0,0.30419921875,0.04351806640625,2.2561533451080322,1.0,39.0,0.016758456826210022,0.4387982487678528,0.26208239793777466,0.16966813802719116,0.11269271373748779,1,rgb_only_lowhigh,1.0,151,151
BCS4__Cow_6,2,1,4,3,1,0,0.255615234375,0.057708740234375,2.360501289367676,1.0,42.0,0.014365507289767265,0.3916991651058197,0.2737172544002533,0.18089397251605988,0.13932408392429352,1,rgb_only_lowhigh,1.0,151,151
BCS5__Cow_12_6006,3,1,5,3,1,0,0.399169921875,0.03985595703125,2.475773334503174,1.0,3.0,0.035545069724321365,0.4620822072029114,0.2699911892414093,0.15141434967517853,0.08096715807914734,1,rgb_only_lowhigh,1.0,151,151
BCS5__Cow_12_NOTAG,3,4,5,6,1,2,0.043212890625,0.6884765625,2.4830777645111084,1.0,4.0,0.0007064862875267863,0.047981247305870056,0.03621814399957657,0.14033780992031097,0.7747563123703003,1,rgb_only_lowhigh,1.0,151,151
BCS5__Cow_13,3,1,5,3,1,0,0.325927734375,0.042816162109375,2.4433670043945312,1.0,23.0,0.02387702465057373,0.4353877604007721,0.2837968170642853,0.1604050099849701,0.09653343260288239,1,rgb_only_lowhigh,1.0,151,151
BCS5__Cow_13_8001,3,1,5,3,1,0,0.2451171875,0.0953369140625,2.380901336669922,1.0,4.0,0.01687946356832981,0.34069257974624634,0.25899550318717957,0.19850602746009827,0.1849263608455658,1,rgb_only_lowhigh,1.0,151,151
BCS5__Cow_14_1044,3,1,5,3,1,0,0.2470703125,0.109130859375,2.4245522022247314,1.0,3.0,0.01750260591506958,0.32936426997184753,0.251455694437027,0.20368321239948273,0.19799423217773438,1,rgb_only_lowhigh,1.0,151,151
BCS5__Cow_1_27,3,4,5,6,1,2,0.086181640625,0.2509765625,2.4818689823150635,1.0,4.0,0.002470723818987608,0.16653482615947723,0.13338232040405273,0.210879847407341,0.48673227429389954,1,rgb_only_lowhigh,1.0,151,151
BCS5__Cow_27,3,1,5,3,1,0,0.2176513671875,0.05718994140625,2.4079251289367676,1.0,42.0,0.011383465491235256,0.37458333373069763,0.28054994344711304,0.18269109725952148,0.15079212188720703,1,rgb_only_lowhigh,1.0,151,151
BCS5__Cow_27_1,3,1,5,3,1,0,0.2220458984375,0.0386962890625,2.4832346439361572,1.0,2.0,0.009645413607358932,0.41274508833885193,0.2802335023880005,0.17168010771274567,0.12569588422775269,1,rgb_only_lowhigh,1.0,151,151
BCS5__Cow_27_14,3,4,5,6,1,2,0.043701171875,0.6650390625,2.484170436859131,1.0,2.0,0.0007773000397719443,0.05354670062661171,0.04049571603536606,0.14554613828659058,0.7596340775489807,1,rgb_only_lowhigh,1.0,151,151
BCS5__Cow_29,3,1,5,3,1,0,0.1763916015625,0.09722900390625,2.47442364692688,1.0,30.0,0.009120484814047813,0.31283602118492126,0.24959737062454224,0.20364083349704742,0.2248053401708603,1,rgb_only_lowhigh,1.0,151,151
BCS5__Cow_37,3,4,5,6,1,2,0.14013671875,0.1802978515625,2.4479787349700928,1.0,28.0,0.006732948124408722,0.23647700250148773,0.19554440677165985,0.21859870851039886,0.3426469564437866,1,rgb_only_lowhigh,1.0,151,151
BCS5__Cow_37_and_38,3,1,5,3,1,0,0.2257080078125,0.0635986328125,2.32796573638916,1.0,24.0,0.011375193484127522,0.3719426393508911,0.26497310400009155,0.1891597956418991,0.16254922747612,1,rgb_only_lowhigh,1.0,151,151
BCS5__Cow_43,3,4,5,6,1,2,0.11358642578125,0.11578369140625,2.4114694595336914,1.0,38.0,0.004102046601474285,0.26395872235298157,0.21085764467716217,0.21013817191123962,0.3109434247016907,1,rgb_only_lowhigh,1.0,151,151
BCS5__Cow_48_1018,3,4,5,6,1,2,0.043853759765625,0.69775390625,2.480544090270996,1.0,3.0,0.0007905458915047348,0.04872460663318634,0.03664034977555275,0.14277321100234985,0.7710713744163513,1,rgb_only_lowhigh,1.0,151,151
BCS5__Cow_4_8036,3,1,5,3,1,0,0.2149658203125,0.10107421875,2.4738659858703613,1.0,2.0,0.014026692137122154,0.32474878430366516,0.25758829712867737,0.2018565982580185,0.20177960395812988,1,rgb_only_lowhigh,1.0,151,151
BCS5__Cow_54,3,1,5,3,1,0,0.328857421875,0.034088134765625,2.2826504707336426,1.0,7.0,0.019391493871808052,0.46433940529823303,0.2713431417942047,0.15561017394065857,0.08931578695774078,1,rgb_only_lowhigh,1.0,151,151
BCS5__Cow_6_5029,3,1,5,3,1,0,0.48828125,0.0301055908203125,2.4136950969696045,1.0,4.0,0.05433941259980202,0.4953233599662781,0.255172997713089,0.13442569971084595,0.06073850765824318,1,rgb_only_lowhigh,1.0,151,151
BCS5__Cow_6_5051,3,4,5,6,1,2,0.0199432373046875,0.7177734375,2.4826319217681885,1.0,5.0,0.00013865026994608343,0.0288124680519104,0.020042041316628456,0.10460337996482849,0.8464035391807556,1,rgb_only_lowhigh,1.0,151,151
BCS6__Cow_11_07,4,4,6,6,2,2,0.031982421875,0.7314453125,2.454923391342163,1.0,41.0,0.0003817673132289201,0.03595773130655289,0.0262270737439394,0.1241183653473854,0.8133149743080139,1,rgb_only_lowhigh,1.0,151,151
BCS6__Cow_12_2014,4,1,6,3,2,0,0.2088623046875,0.0794677734375,2.438910722732544,1.0,49.0,0.011221115477383137,0.344843327999115,0.2613840103149414,0.19630667567253113,0.1862448900938034,1,rgb_only_lowhigh,1.0,151,151
BCS6__Cow_13_66,4,4,6,6,2,2,0.0509033203125,0.52392578125,2.4084973335266113,1.0,46.0,0.0008808632846921682,0.07370177656412125,0.05746911093592644,0.1667192280292511,0.7012290358543396,1,rgb_only_lowhigh,1.0,151,151
BCS6__Cow_26_6,4,4,6,6,2,2,0.02801513671875,0.6611328125,2.4839565753936768,1.0,61.0,0.0003033433749806136,0.04204864427447319,0.030753586441278458,0.12576988339424133,0.8011245727539062,1,rgb_only_lowhigh,1.0,151,151
BCS6__Cow_29_NOTAG,4,4,6,6,2,2,0.03759765625,0.6865234375,2.476848840713501,1.0,46.0,0.0005480271647684276,0.04588699713349342,0.03405456244945526,0.13567852973937988,0.7838318943977356,1,rgb_only_lowhigh,1.0,151,151
BCS6__Cow_35,4,4,6,6,2,2,0.127197265625,0.19775390625,2.4543240070343018,1.0,45.0,0.005386165343225002,0.21752634644508362,0.1783435344696045,0.22003674507141113,0.3787071704864502,1,rgb_only_lowhigh,1.0,151,151
BCS6__Cow_4_103,4,4,6,6,2,2,0.1453857421875,0.287353515625,2.254983425140381,1.0,61.0,0.004738193470984697,0.1838468611240387,0.12138191610574722,0.2311028689146042,0.4589301645755768,1,rgb_only_lowhigh,1.0,151,151
BCS2__Cow_5,0,3,2,5,0,1,0.07720947265625,0.07196044921875,2.479562759399414,1.0,46.0,0.0018764120759442449,0.1669006198644638,0.3246285915374756,0.39969009160995483,0.10690423101186752,2,rgb_only_lowhigh,1.0,151,151
BCS2__Cow_5_1,0,3,2,5,0,1,0.0604248046875,0.07574462890625,2.4815053939819336,1.0,46.0,0.0012361997505649924,0.14716921746730804,0.30337563157081604,0.4232569932937622,0.12496189028024673,2,rgb_only_lowhigh,1.0,151,151
BCS3__Cow_20_0029,1,1,3,3,0,0,0.298828125,0.00600433349609375,2.4831643104553223,1.0,4.0,0.009570972062647343,0.4625082314014435,0.3808206021785736,0.13876847922801971,0.008331661112606525,2,rgb_only_lowhigh,1.0,151,151
BCS3__Cow_22,1,0,3,2,0,0,0.984375,0.00017261505126953125,2.4708003997802734,1.0,79.0,0.9443116188049316,0.05024255812168121,0.00489158695563674,0.0005441511748358607,1.0143216968572233e-05,2,rgb_only_lowhigh,1.0,151,151
BCS3__Cow_22_1,1,0,3,2,0,0,0.9990234375,9.5367431640625e-07,2.4613819122314453,1.0,7.0,0.9954113364219666,0.004467844497412443,0.0001171036929008551,3.724071348187863e-06,5.198416364038394e-09,2,rgb_only_lowhigh,1.0,151,151
BCS3__Cow_3_3083,1,1,3,3,0,0,0.53173828125,0.0003528594970703125,2.478588104248047,1.0,5.0,0.008845728822052479,0.7747891545295715,0.18619783222675323,0.029532786458730698,0.0006345551810227334,2,rgb_only_lowhigh,1.0,151,151
BCS3__Cow_8_2023,1,3,3,5,0,1,0.027374267578125,0.1519775390625,2.4837002754211426,1.0,6.0,0.0003480047162156552,0.07272498309612274,0.19171006977558136,0.45899122953414917,0.2762258052825928,2,rgb_only_lowhigh,1.0,151,151
BCS4__Cow_10,2,1,4,3,1,0,0.472900390625,0.0068511962890625,2.4660468101501465,1.0,72.0,0.02965497598052025,0.5875480771064758,0.2820463478565216,0.09271428734064102,0.008036278188228607,2,rgb_only_lowhigh,1.0,151,151
BCS4__Cow_10_0014,2,3,4,5,1,1,0.033721923828125,0.09185791015625,2.4847159385681152,1.0,3.0,0.0004476875765249133,0.09915962815284729,0.25026294589042664,0.4758440852165222,0.1742856800556183,2,rgb_only_lowhigh,1.0,151,151
BCS4__Cow_10_1,2,1,4,3,1,0,0.39599609375,0.0197906494140625,2.483729839324951,1.0,16.0,0.028016312047839165,0.5322550535202026,0.2821269631385803,0.1332368403673172,0.0243647750467062,2,rgb_only_lowhigh,1.0,151,151
BCS4__Cow_10_2038,2,1,4,3,1,0,0.395263671875,0.004810333251953125,2.4722838401794434,1.0,4.0,0.015944477170705795,0.5582330226898193,0.318071573972702,0.10130253434181213,0.006448445376008749,2,rgb_only_lowhigh,1.0,151,151
BCS4__Cow_18_1067,2,2,4,4,1,1,0.1470947265625,0.01422882080078125,2.4848549365997314,1.0,2.0,0.003237894270569086,0.3030766546726227,0.4199592173099518,0.25138208270072937,0.022344134747982025,2,rgb_only_lowhigh,1.0,151,151
BCS4__Cow_22_6005,2,2,4,4,1,1,0.2293701171875,0.0144500732421875,2.4847302436828613,1.0,5.0,0.007721763104200363,0.379764199256897,0.39258521795272827,0.20061086118221283,0.019317954778671265,2,rgb_only_lowhigh,1.0,151,151
BCS4__Cow_30,2,3,4,5,1,1,0.06903076171875,0.07891845703125,2.4801626205444336,1.0,14.0,0.0015679814387112856,0.1547907441854477,0.3055917024612427,0.4156597852706909,0.1223897784948349,2,rgb_only_lowhigh,1.0,151,151
BCS4__Cow_3_6018,2,1,4,3,1,0,0.93212890625,0.00030303001403808594,2.4849066734313965,1.0,1.0,0.4007475972175598,0.534024178981781,0.05743792653083801,0.007602582219988108,0.00018774250929709524,2,rgb_only_lowhigh,1.0,151,151
BCS4__Cow_42,2,3,4,5,1,1,0.09893798828125,0.0489501953125,2.4758200645446777,1.0,27.0,0.0025364323519170284,0.22709929943084717,0.3430873453617096,0.34781020879745483,0.07946673780679703,2,rgb_only_lowhigh,1.0,151,151
BCS4__Cow_47_1,2,3,4,5,1,1,0.04443359375,0.06658935546875,2.4822158813476562,1.0,7.0,0.0006718451622873545,0.1319984495639801,0.2913537919521332,0.4494982957839966,0.1264776587486267,2,rgb_only_lowhigh,1.0,151,151
BCS4__Cow_49,2,3,4,5,1,1,0.05792236328125,0.0810546875,2.480714797973633,1.0,9.0,0.0011584869353100657,0.14631149172782898,0.28906336426734924,0.42429760098457336,0.13916899263858795,2,rgb_only_lowhigh,1.0,151,151
BCS4__Cow_55,2,3,4,5,1,1,0.075439453125,0.037109375,2.4819512367248535,1.0,5.0,0.0014157016994431615,0.20908533036708832,0.3515225350856781,0.3701956272125244,0.06778071075677872,2,rgb_only_lowhigh,1.0,151,151
BCS4__Cow_5_1018,2,1,4,3,1,0,0.6435546875,0.00022876262664794922,2.4825520515441895,1.0,2.0,0.016781512647867203,0.7685431241989136,0.1900022178888321,0.024333642795681953,0.0003395572421140969,2,rgb_only_lowhigh,1.0,151,151
BCS4__Cow_5_273,2,4,4,6,1,2,0.006744384765625,0.76806640625,2.4845547676086426,1.0,3.0,2.5769593776203692e-05,0.0038432669825851917,0.010544776916503906,0.08911052346229553,0.8964756727218628,2,rgb_only_lowhigh,1.0,151,151
BCS4__Cow_8,2,1,4,3,1,0,0.419677734375,0.007694244384765625,2.4799070358276367,1.0,39.0,0.023591993376612663,0.5359035730361938,0.32000264525413513,0.11145051568746567,0.009051220491528511,2,rgb_only_lowhigh,1.0,151,151
BCS4__Cow_8_9012,2,0,4,2,1,0,0.99462890625,9.357929229736328e-06,2.453153610229492,1.0,4.0,0.9665971994400024,0.031808048486709595,0.0015144338831305504,7.992962491698563e-05,3.0746303991691093e-07,2,rgb_only_lowhigh,1.0,151,151
BCS4__Cow_9,2,1,4,3,1,0,0.27978515625,0.0137939453125,2.4782450199127197,1.0,26.0,0.011229943484067917,0.44726625084877014,0.35520151257514954,0.16794924437999725,0.01835303008556366,2,rgb_only_lowhigh,1.0,151,151
BCS4__Cow_9_NOTAG,2,1,4,3,1,0,0.219970703125,0.010406494140625,2.4845056533813477,1.0,4.0,0.006165091879665852,0.39816713333129883,0.392377108335495,0.18789725005626678,0.015393450856208801,2,rgb_only_lowhigh,1.0,151,151
BCS5__Cow_10_0029,3,4,5,6,1,2,0.00577545166015625,0.74853515625,2.4823362827301025,1.0,7.0,1.783131665433757e-05,0.003768649185076356,0.011210665106773376,0.09643836319446564,0.8885645270347595,2,rgb_only_lowhigh,1.0,151,151
BCS5__Cow_20,3,3,5,5,1,1,0.0849609375,0.0489501953125,2.4847664833068848,1.0,18.0,0.001963356975466013,0.18998049199581146,0.35736486315727234,0.3763483464717865,0.07434295862913132,2,rgb_only_lowhigh,1.0,151,151
BCS5__Cow_20_10,3,4,5,6,1,2,0.0117340087890625,0.68310546875,2.484827995300293,1.0,2.0,7.194445061031729e-05,0.008800245821475983,0.023498987779021263,0.14711079001426697,0.8205180168151855,2,rgb_only_lowhigh,1.0,151,151
BCS5__Cow_24,3,1,5,3,1,0,0.26171875,0.0283355712890625,2.476088047027588,1.0,25.0,0.012977120466530323,0.41449254751205444,0.3374740183353424,0.19790701568126678,0.037149328738451004,2,rgb_only_lowhigh,1.0,151,151
BCS5__Cow_24_7022,3,2,5,4,1,1,0.12042236328125,0.026763916015625,2.484186887741089,1.0,4.0,0.0029369222465902567,0.24738749861717224,0.4031211733818054,0.30727797746658325,0.039276402443647385,2,rgb_only_lowhigh,1.0,151,151
BCS5__Cow_28,3,3,5,5,1,1,0.090087890625,0.057586669921875,2.4845237731933594,1.0,30.0,0.0022879145108163357,0.19757865369319916,0.33724334836006165,0.3758549094200134,0.08703519403934479,2,rgb_only_lowhigh,1.0,151,151
BCS5__Cow_28_4024,3,2,5,4,1,1,0.09075927734375,0.044189453125,2.4845168590545654,1.0,6.0,0.002119310200214386,0.19702233374118805,0.36952683329582214,0.3655785620212555,0.06575298309326172,2,rgb_only_lowhigh,1.0,151,151
BCS5__Cow_3,3,0,5,2,1,0,0.99951171875,2.980232238769531e-07,2.4845075607299805,1.0,19.0,0.998387336730957,0.0015853873919695616,2.6698297006078064e-05,6.775794645363931e-07,5.942022429650251e-10,2,rgb_only_lowhigh,1.0,151,151
BCS5__Cow_30_2021,3,2,5,4,1,1,0.19873046875,0.0143890380859375,2.484659194946289,1.0,3.0,0.005807445850223303,0.34586721658706665,0.40952593088150024,0.21888257563114166,0.019916784018278122,2,rgb_only_lowhigh,1.0,151,151
BCS5__Cow_30_30,3,4,5,6,1,2,0.0110321044921875,0.7255859375,2.484168767929077,1.0,7.0,6.576898886123672e-05,0.007010005414485931,0.018005872145295143,0.11996286362409592,0.8549554944038391,2,rgb_only_lowhigh,1.0,151,151
BCS5__Cow_34,3,3,5,5,1,1,0.1380615234375,0.1640625,2.435019016265869,1.0,40.0,0.007228533737361431,0.21181680262088776,0.22914041578769684,0.2928604781627655,0.258953720331192,2,rgb_only_lowhigh,1.0,151,151
BCS5__Cow_34_1,3,1,5,3,1,0,0.4482421875,0.0192413330078125,2.426966428756714,1.0,18.0,0.03687130659818649,0.5939116477966309,0.22763562202453613,0.11095427721738815,0.030627146363258362,2,rgb_only_lowhigh,1.0,151,151
BCS5__Cow_49_72,3,4,5,6,1,2,0.03533935546875,0.381103515625,2.484827995300293,1.0,2.0,0.0005842355894856155,0.04776807874441147,0.10117441415786743,0.3035294711589813,0.546943724155426,2,rgb_only_lowhigh,1.0,151,151
BCS5__Cow_50,3,3,5,5,1,1,0.050506591796875,0.1376953125,2.4848673343658447,1.0,39.0,0.0010505354730412364,0.10601259022951126,0.24231000244617462,0.44112974405288696,0.20949716866016388,2,rgb_only_lowhigh,1.0,151,151
BCS5__Cow_50_49,3,4,5,6,1,2,0.01554107666015625,0.61962890625,2.4847211837768555,1.0,3.0,0.00011729212565114722,0.013590263202786446,0.03440447524189949,0.18370985984802246,0.7681781053543091,2,rgb_only_lowhigh,1.0,151,151
BCS5__Cow_8_NOTAG,3,4,5,6,1,2,0.0070648193359375,0.744140625,2.483164072036743,1.0,7.0,2.7627474992186762e-05,0.004503277596086264,0.013040212914347649,0.10390502959489822,0.8785237669944763,2,rgb_only_lowhigh,1.0,151,151
BCS5__Cow_9_NOTG,3,3,5,5,1,1,0.0250396728515625,0.10504150390625,2.4845943450927734,1.0,2.0,0.00027109967777505517,0.08135586231946945,0.21878527104854584,0.4858705699443817,0.21371711790561676,2,rgb_only_lowhigh,1.0,151,151
BCS6__Cow_18,4,2,6,4,2,1,0.14208984375,0.027008056640625,2.477942943572998,1.0,46.0,0.003957693465054035,0.27704960107803345,0.39434412121772766,0.2855651080608368,0.03908350318670273,2,rgb_only_lowhigh,1.0,151,151
BCS6__Cow_18_32,4,4,6,6,2,2,0.00937652587890625,0.736328125,2.484560251235962,1.0,57.0,4.8069461627164856e-05,0.00584265124052763,0.0155061399564147,0.11105315387248993,0.8675498962402344,2,rgb_only_lowhigh,1.0,151,151
BCS6__Cow_22_1004,4,4,6,6,2,2,0.041229248046875,0.415283203125,2.4715070724487305,1.0,16.0,0.000724401674233377,0.047906022518873215,0.08490277826786041,0.24657568335533142,0.6198911666870117,2,rgb_only_lowhigh,1.0,151,151
BCS6__Cow_24_08,4,4,6,6,2,2,0.053497314453125,0.337646484375,2.4826016426086426,1.0,31.0,0.0012617605971172452,0.0729488879442215,0.11914718151092529,0.28554025292396545,0.5211018323898315,2,rgb_only_lowhigh,1.0,151,151
BCS6__Cow_28_3083,4,4,6,6,2,2,0.01116180419921875,0.6884765625,2.4836573600769043,1.0,46.0,6.451693479903042e-05,0.00831904448568821,0.0222384724766016,0.14208677411079407,0.8272911906242371,2,rgb_only_lowhigh,1.0,151,151
BCS6__Cow_3_25,4,4,6,6,2,2,0.005664825439453125,0.7666015625,2.483261823654175,1.0,46.0,1.7966958694159985e-05,0.003374107414856553,0.00982067734003067,0.0879591777920723,0.8988279700279236,2,rgb_only_lowhigh,1.0,151,151
BCS6__Cow_47_68,4,4,6,6,2,2,0.041229248046875,0.402099609375,2.484628438949585,1.0,31.0,0.0008042356348596513,0.05018328130245209,0.10459093749523163,0.3021271526813507,0.5422943234443665,2,rgb_only_lowhigh,1.0,151,151
BCS6__Cow_9_1044,4,4,6,6,2,2,0.0070648193359375,0.759765625,2.482830047607422,1.0,46.0,2.7791867978521623e-05,0.004165155813097954,0.011430386453866959,0.09369407594203949,0.890682578086853,2,rgb_only_lowhigh,1.0,151,151
