bag_id,n_good_frames,angle_mean,angle_median,angle_std,angle_min,angle_max,angle_q25,angle_q75,angle_iqr,angle_range,angle_cv,angle_mad,bcs_raw
BCS2__Cow_11,76,172.3202617042943,172.56684112548828,1.8562333993973466,163.0397186279297,174.16635131835938,172.04189682006836,173.33570861816406,1.2938117980957031,11.126632690429688,0.010771997332401268,0.6702957153320312,2
BCS2__Cow_11_1,6,169.71556854248047,170.86187744140625,3.8468660219993525,163.13189697265625,174.43873596191406,168.5673713684082,171.11283493041992,2.5454635620117188,11.306838989257812,0.0226665476540325,1.6745758056640625,2
BCS2__Cow_11_2,40,170.12054367065429,170.79063415527344,2.4792390348149858,161.3365020751953,173.3311767578125,169.66606903076172,171.44495010375977,1.7788810729980469,11.994674682617188,0.01457342529785633,0.7625885009765625,2
BCS2__Cow_21_8029,17,165.51860225901885,164.39080810546875,3.7678034045675193,160.5571746826172,172.1338348388672,162.60482788085938,166.60977172851562,4.00494384765625,11.57666015625,0.022763625073822888,2.218963623046875,2
BCS2__Cow_5_1,10,171.232275390625,170.74078369140625,1.159086530834914,170.03469848632812,173.21258544921875,170.63616943359375,171.53713989257812,0.900970458984375,3.177886962890625,0.00676908911121305,0.706085205078125,2
BCS3__Cow_14,4,165.83857345581055,166.9393768310547,6.645047447583774,157.94622802734375,171.52931213378906,161.53694915771484,171.2410011291504,9.704051971435547,13.583084106445312,0.04006937173367822,4.397727966308594,3
BCS3__Cow_14_0011,4,168.2213020324707,169.81598663330078,5.083696832464947,160.83761596679688,172.41561889648438,167.2645492553711,170.7727394104004,3.508190155029297,11.5780029296875,0.03022029178851364,1.5043792724609375,3
BCS3__Cow_16,20,163.41452331542968,163.6712188720703,3.70356534409179,154.12716674804688,168.85105895996094,163.12822723388672,165.07474517822266,1.9465179443359375,14.723892211914062,0.022663624192955055,0.662872314453125,3
BCS3__Cow_16_1004,3,164.9920450846354,167.09588623046875,6.728299825498067,157.4632110595703,170.4170379638672,162.27954864501953,168.75646209716797,6.4769134521484375,12.953826904296875,0.04077954074723223,3.3211517333984375,3
BCS3__Cow_20_0029,4,168.26279830932617,169.93011474609375,3.9664927865930073,162.37823486328125,170.81272888183594,167.66375732421875,170.52915573120117,2.865398406982422,8.434494018554688,0.023573201126140784,0.6935653686523438,3
BCS3__Cow_22,20,170.91237106323243,171.10816192626953,2.2096636191207453,166.38404846191406,173.78262329101562,170.11927795410156,172.4401092529297,2.320831298828125,7.3985748291015625,0.01292863474641772,1.2884292602539062,3
BCS3__Cow_22_1,6,171.641845703125,171.24549102783203,1.2904316367282873,170.64157104492188,174.16551208496094,170.9399299621582,171.59757232666016,0.6576423645019531,3.5239410400390625,0.007518164532909081,0.3561859130859375,3
BCS3__Cow_25_66,3,161.9598592122396,163.04669189453125,8.334021104529489,153.1357421875,169.6971435546875,158.09121704101562,166.37191772460938,8.28070068359375,16.5614013671875,0.05145732495116711,6.65045166015625,3
BCS3__Cow_2_1015,4,163.9378890991211,165.9991912841797,7.801708372221616,153.0401611328125,170.7130126953125,161.1300811767578,168.80699920654297,7.676918029785156,17.6728515625,0.04758941581530613,3.443145751953125,3
BCS3__Cow_46,17,166.30252613740808,166.9835205078125,2.8907260337250613,160.20132446289062,170.52825927734375,163.9164581298828,168.49810791015625,4.5816497802734375,10.326934814453125,0.017382333875894274,2.159454345703125,3
BCS3__Cow_46_1,9,165.0003407796224,162.95556640625,4.720059712001648,161.05673217773438,175.4572296142578,162.1481475830078,167.6077117919922,5.459564208984375,14.400497436523438,0.02860636341536924,1.74853515625,3
BCS3__Cow_46_2,3,165.82331339518228,167.85400390625,7.872689828033399,157.13421630859375,172.48171997070312,162.49411010742188,170.16786193847656,7.6737518310546875,15.347503662109375,0.04747637510578248,4.627716064453125,3
BCS3__Cow_53,3,165.90165201822916,168.80862426757812,5.044699736574575,160.0765380859375,168.81979370117188,164.4425811767578,168.814208984375,4.3716278076171875,8.743255615234375,0.030407772769015386,0.01116943359375,3
BCS3__Cow_6_103,4,160.0979118347168,160.90287017822266,3.2584409607220532,155.54708862304688,163.038818359375,158.98358917236328,162.01719284057617,3.0336036682128906,7.491729736328125,0.020352801128886863,1.454864501953125,3
BCS4__Cow_1,9,173.53583441840277,173.9561004638672,1.0173803021833585,171.24554443359375,174.5413055419922,173.30677795410156,174.10971069335938,0.8029327392578125,3.2957611083984375,0.005862652550080282,0.191162109375,4
BCS4__Cow_10,41,168.6362617306593,169.4766082763672,3.608521502943913,159.2031707763672,173.44093322753906,166.10617065429688,171.85365295410156,5.7474822998046875,14.237762451171875,0.02139825364907183,2.5971832275390625,4
BCS4__Cow_10_2038,4,168.73726272583008,171.60479736328125,7.498912705222822,157.6367645263672,174.10269165039062,167.84939193725586,172.49266815185547,4.643276214599609,16.465927124023438,0.04444135565602546,1.4245452880859375,4
BCS4__Cow_15_68,3,168.52513122558594,171.34698486328125,5.321935304903552,162.38653564453125,171.8418731689453,166.86676025390625,171.59442901611328,4.727668762207031,9.455337524414062,0.0315794758099293,0.4948883056640625,4
BCS4__Cow_17,10,172.2200180053711,172.01739501953125,1.115303034130556,170.99002075195312,174.0637664794922,171.4201545715332,172.6039924621582,1.183837890625,3.0737457275390625,0.006476035986105707,0.6381072998046875,4
BCS4__Cow_19,57,170.80799410635964,170.83203125,1.489373151117411,166.82534790039062,173.68252563476562,169.87960815429688,171.9741973876953,2.0945892333984375,6.857177734375,0.008719575210221134,1.0394134521484375,4
BCS4__Cow_19_0037,5,168.04493103027343,170.99807739257812,5.9018551250737605,158.73751831054688,173.4438018798828,165.84173583984375,171.20352172851562,5.361785888671875,14.706283569335938,0.035120697118858867,2.4457244873046875,4
BCS4__Cow_2,13,173.6840339073768,173.79161071777344,1.2470803703791216,171.9148406982422,175.45912170410156,172.489990234375,174.91632080078125,2.42633056640625,3.544281005859375,0.007180167009733155,1.2430877685546875,4
BCS4__Cow_22_6005,4,170.86962509155273,170.91197204589844,3.2489211060508847,166.9498291015625,174.70472717285156,169.25270080566406,172.5288963317871,3.276195526123047,7.7548980712890625,0.01901403543379988,2.3422012329101562,4
BCS4__Cow_23,18,169.33146497938367,169.48109436035156,0.5229573601406476,168.34909057617188,170.13987731933594,168.9095230102539,169.61808013916016,0.70855712890625,1.7907867431640625,0.003088364942713502,0.3584136962890625,4
BCS4__Cow_26,7,170.09929765973772,170.012939453125,0.552048483936718,169.46900939941406,170.83090209960938,169.70596313476562,170.4851531982422,0.7791900634765625,1.3618927001953125,0.003245448344184358,0.51190185546875,4
BCS4__Cow_26_5051,5,165.85059509277343,166.03903198242188,1.5148693675661489,163.495361328125,167.67967224121094,165.70790100097656,166.3310089111328,0.62310791015625,4.1843109130859375,0.0091339398976456,0.3311309814453125,4
BCS4__Cow_27_9008,4,164.84744262695312,168.122314453125,8.139310457544603,152.8245086669922,170.3206329345703,163.41222763061523,169.5575294494629,6.145301818847656,17.496124267578125,0.049374805746691015,1.6895828247070312,4
BCS4__Cow_29_7007,4,164.07477569580078,165.92868041992188,7.866616090039905,153.38461303710938,171.05712890625,160.68836975097656,169.3150863647461,8.626716613769531,17.672515869140625,0.0479453106468043,3.9670867919921875,4
BCS4__Cow_30,4,168.62799072265625,169.90816497802734,3.635342168473053,163.29209899902344,171.40353393554688,168.02052307128906,170.51563262939453,2.4951095581054688,8.111434936523438,0.02155835548353374,0.9034347534179688,4
BCS4__Cow_31,12,169.55071258544922,169.1911849975586,1.3005668099844798,168.07269287109375,172.78538513183594,168.89869689941406,169.9624252319336,1.0637283325195312,4.7126922607421875,0.0076706655498662525,0.663909912109375,4
BCS4__Cow_32_0035,8,166.13875007629395,168.3901138305664,6.186460535124705,154.45529174804688,172.84152221679688,165.1092758178711,169.39488983154297,4.285614013671875,18.38623046875,0.03723671047412942,1.23828125,4
BCS4__Cow_33,21,168.46418980189733,169.07423400878906,7.182870572818759,139.07327270507812,175.49855041503906,168.40615844726562,169.85963439941406,1.4534759521484375,36.42527770996094,0.04263737344574735,0.785400390625,4
BCS4__Cow_4,4,171.1650505065918,170.890869140625,1.2492164416203748,170.01800537109375,172.86045837402344,170.36289596557617,171.69302368164062,1.3301277160644531,2.8424530029296875,0.007298314918396649,0.6429367065429688,4
BCS4__Cow_41,3,173.53165690104166,173.58253479003906,0.14180748561999887,173.37142944335938,173.64100646972656,173.47698211669922,173.6117706298828,0.13478851318359375,0.2695770263671875,0.0008171851070428386,0.0584716796875,4
BCS4__Cow_42,11,169.53069790926847,170.15748596191406,2.9497118589031275,163.558837890625,174.01751708984375,167.7386932373047,170.8009033203125,3.0622100830078125,10.45867919921875,0.017399278686871158,1.7302093505859375,4
BCS4__Cow_44_1,22,168.8897136341442,169.5338592529297,2.4097678466250163,162.3145294189453,171.41650390625,168.99551010131836,170.12125778198242,1.1257476806640625,9.101974487304688,0.014268292572543253,0.5962905883789062,4
BCS4__Cow_47_1,7,165.7034432547433,167.72900390625,5.269604956927204,156.34890747070312,171.13034057617188,163.53966522216797,168.8182601928711,5.278594970703125,14.78143310546875,0.031801420980890574,1.5468292236328125,4
BCS4__Cow_48,3,170.2166493733724,169.8970947265625,1.4769267984116141,168.9256591796875,171.8271942138672,169.411376953125,170.86214447021484,1.4507675170898438,2.9015350341796875,0.00867674698009098,0.971435546875,4
BCS4__Cow_49,7,166.84999302455358,168.58377075195312,6.234446671841888,158.72865295410156,172.9605255126953,161.3713607788086,172.4671401977539,11.095779418945312,14.23187255859375,0.03736557945749767,4.3767547607421875,4
BCS4__Cow_4_1,39,165.05338972042767,162.8761444091797,3.410624651532327,161.31072998046875,171.37411499023438,162.3926010131836,168.84464263916016,6.4520416259765625,10.063385009765625,0.02066376617474712,0.81854248046875,4
BCS4__Cow_51,4,167.4988555908203,170.36343383789062,6.396743233638329,157.97549438476562,171.29306030273438,166.67282104492188,171.18946838378906,4.5166473388671875,13.31756591796875,0.03818977276635733,0.860565185546875,4
BCS4__Cow_51_0035,4,167.76805114746094,167.1292495727539,2.631711884814624,165.4217529296875,171.39195251464844,166.09219360351562,168.80510711669922,2.7129135131835938,5.9701995849609375,0.01568660938012245,1.2605361938476562,4
BCS4__Cow_55,4,170.0308494567871,172.30039978027344,6.661425619701686,160.50975036621094,175.01284790039062,167.91492462158203,174.41632461547852,6.501399993896484,14.503097534179688,0.03917774710285541,2.3147659301757812,4
BCS4__Cow_6,7,167.99007524762834,168.26824951171875,2.7130322195530896,162.49050903320312,171.4034881591797,167.92150115966797,168.96263885498047,1.0411376953125,8.912979125976562,0.016149955380125303,0.4183807373046875,4
BCS4__Cow_7,15,171.99772135416666,172.04896545410156,0.7708580408868978,170.7367401123047,173.40505981445312,171.53472900390625,172.30738067626953,0.7726516723632812,2.6683197021484375,0.004481792170371818,0.5119476318359375,4
BCS4__Cow_8,26,168.7245377760667,169.750732421875,2.9676852014772646,161.96873474121094,172.28274536132812,167.08529663085938,170.59107971191406,3.5057830810546875,10.314010620117188,0.017588936621749783,0.9958419799804688,4
BCS4__Cow_9,19,165.69401389674135,163.28627014160156,4.859197832424616,159.7254638671875,173.7186279296875,161.87723541259766,171.18565368652344,9.308418273925781,13.9931640625,0.029326333028861343,2.358489990234375,4
BCS5__Cow_10_0029,5,170.18667602539062,171.1713409423828,3.2363290375768368,164.50050354003906,172.3724365234375,170.87396240234375,172.01513671875,1.14117431640625,7.8719329833984375,0.019016347890207338,0.8437957763671875,5
BCS5__Cow_12_NOTAG,3,171.74090576171875,171.1470489501953,2.45286080351359,169.63949584960938,174.43617248535156,170.39327239990234,172.79161071777344,2.3983383178710938,4.7966766357421875,0.014282332986625809,1.5075531005859375,5
BCS5__Cow_13,20,172.40951843261718,172.80402374267578,1.7950798545714608,167.9399871826172,174.8781280517578,172.00357818603516,173.49488830566406,1.4913101196289062,6.938140869140625,0.010411721295266142,0.8592147827148438,5
BCS5__Cow_13_8001,3,170.67100524902344,170.81878662109375,0.6130933498424841,169.99752807617188,171.1967010498047,170.4081573486328,171.00774383544922,0.5995864868164062,1.1991729736328125,0.003592252526713187,0.3779144287109375,5
BCS5__Cow_15,25,169.2151593017578,169.6341094970703,2.925090343135327,161.2868194580078,172.90989685058594,168.80201721191406,170.64535522460938,1.8433380126953125,11.623077392578125,0.01728621924421721,1.0112457275390625,5
BCS5__Cow_17_17,6,169.22889709472656,171.5316619873047,4.682773587873763,160.28192138671875,172.1808319091797,168.6974334716797,171.95387649536133,3.2564430236816406,11.898910522460938,0.02767124095391676,0.5990753173828125,5
BCS5__Cow_1_27,3,170.81700134277344,170.79193115234375,1.17652328407729,169.65321350097656,172.005859375,170.22257232666016,171.39889526367188,1.1763229370117188,2.3526458740234375,0.006887624035246909,1.1387176513671875,5
BCS5__Cow_21,18,170.1836869981554,171.15050506591797,3.193881295465806,158.51531982421875,172.9945831298828,169.40759658813477,171.67506790161133,2.2674713134765625,14.479263305664062,0.018767258788443243,0.812103271484375,5
BCS5__Cow_23_1067,5,169.16299133300782,169.81988525390625,3.5894221918671083,163.3074951171875,173.1259307861328,169.36300659179688,170.19863891601562,0.83563232421875,9.818435668945312,0.02121872026252544,0.456878662109375,5
BCS5__Cow_24,12,171.60494740804037,171.52489471435547,0.9177184180437407,170.38528442382812,172.98716735839844,170.9169807434082,172.38792419433594,1.4709434509277344,2.6018829345703125,0.005347855244881721,0.8650131225585938,5
BCS5__Cow_24_7022,3,168.77076721191406,169.0581817626953,3.3030320454402644,165.3334197998047,171.9207000732422,167.19580078125,170.48944091796875,3.29364013671875,6.5872802734375,0.019571114713799163,2.862518310546875,5
BCS5__Cow_25,29,167.73317429115033,168.1942138671875,1.4891932017188334,162.167236328125,169.3832550048828,167.45909118652344,168.55963134765625,1.1005401611328125,7.2160186767578125,0.008878346266397486,0.4971923828125,5
BCS5__Cow_27,21,168.00521487281435,169.15267944335938,3.8716586636320667,156.0859832763672,172.31153869628906,166.9337158203125,169.8372039794922,2.9034881591796875,16.225555419921875,0.023044871949737058,1.496246337890625,5
BCS5__Cow_28,28,169.8717324393136,169.9977035522461,2.0760296338476576,160.20416259765625,172.56813049316406,169.40674209594727,170.48008346557617,1.0733413696289062,12.363967895507812,0.012221160071993236,0.59136962890625,5
BCS5__Cow_28_4024,3,164.84429931640625,165.04837036132812,7.043492579180366,157.70098876953125,171.78353881835938,161.3746795654297,168.41595458984375,7.0412750244140625,14.082550048828125,0.04272815382994174,6.73516845703125,5
BCS5__Cow_29,25,171.2971923828125,172.1472625732422,1.8353135937903882,164.00999450683594,172.93824768066406,170.60743713378906,172.441162109375,1.8337249755859375,8.928253173828125,0.010714207093884268,0.6876983642578125,5
BCS5__Cow_3,10,171.57222900390624,171.02003479003906,1.2047599694422744,170.1301727294922,173.68260192871094,170.7911491394043,172.19662475585938,1.4054756164550781,3.55242919921875,0.0070218821334707094,0.5181503295898438,5
BCS5__Cow_30_30,6,172.19709014892578,172.2082061767578,1.1505492564799702,170.99183654785156,174.1522216796875,171.3391876220703,172.4814682006836,1.1422805786132812,3.1603851318359375,0.006681583617266181,0.6939544677734375,5
BCS5__Cow_31_15,3,172.4539337158203,171.9007110595703,1.7489693546506437,171.04847717285156,174.41261291503906,171.47459411621094,173.1566619873047,1.68206787109375,3.3641357421875,0.010141661120544213,0.85223388671875,5
BCS5__Cow_31_2024,5,166.1281707763672,169.39999389648438,6.38313348484054,157.46945190429688,171.70530700683594,161.22801208496094,170.8380889892578,9.610076904296875,14.235855102539062,0.038422944495266675,2.3053131103515625,5
BCS5__Cow_32,5,172.3930450439453,172.87974548339844,1.1098730037450484,170.565673828125,173.32339477539062,172.1502227783203,173.0461883544922,0.895965576171875,2.757720947265625,0.006438038167155333,0.4436492919921875,5
BCS5__Cow_34,9,170.7914750840929,171.210205078125,1.435174056331111,167.08380126953125,171.67044067382812,170.99928283691406,171.52955627441406,0.5302734375,4.586639404296875,0.008403077821211346,0.3193511962890625,5
BCS5__Cow_34_1,4,165.32239532470703,164.39020538330078,2.0310357081835186,164.14923095703125,168.3599395751953,164.23163986206055,165.48096084594727,1.2493209838867188,4.2107086181640625,0.012285302933062361,0.18603515625,5
BCS5__Cow_37,26,170.85126847487228,172.1434555053711,3.9160577473445417,154.9563751220703,173.99813842773438,170.78845596313477,172.5429573059082,1.7545013427734375,19.041763305664062,0.022920858488800103,0.68511962890625,5
BCS5__Cow_37_and_38,3,171.11638387044272,170.45346069335938,1.2014488573798,170.39244079589844,172.5032501220703,170.4229507446289,171.47835540771484,1.0554046630859375,2.110809326171875,0.007021238003074284,0.0610198974609375,5
BCS5__Cow_43,37,169.2648162841797,168.7222900390625,1.7584676662142384,166.34359741210938,173.13206481933594,167.68833923339844,170.75863647460938,3.0702972412109375,6.7884674072265625,0.010388855196356558,1.50384521484375,5
BCS5__Cow_44_3008,3,159.4804433186849,164.1024932861328,15.609333683644339,142.08204650878906,172.2567901611328,153.09226989746094,168.1796417236328,15.087371826171875,30.17474365234375,0.09787616185924868,8.154296875,5
BCS5__Cow_45,24,170.00585556030273,169.84765625,1.3119035285576288,165.29852294921875,172.3518524169922,169.6830062866211,170.75479125976562,1.0717849731445312,7.0533294677734375,0.007716813778171799,0.5559158325195312,5
BCS5__Cow_48_1018,3,167.60559590657553,166.46986389160156,3.2653339739252902,165.05978393554688,171.28713989257812,165.76482391357422,168.87850189208984,3.113677978515625,6.22735595703125,0.01948224912338493,1.4100799560546875,5
BCS5__Cow_50,39,173.11370536608572,173.31158447265625,0.7023279722211861,171.26907348632812,174.16302490234375,172.65438842773438,173.62194061279297,0.9675521850585938,2.893951416015625,0.00405703275044552,0.3946533203125,5
BCS5__Cow_50_49,3,168.64734903971353,168.98342895507812,1.6485165277441005,166.856689453125,170.1019287109375,167.92005920410156,169.5426788330078,1.62261962890625,3.2452392578125,0.009774932942206542,1.118499755859375,5
BCS5__Cow_53_30,4,169.69477081298828,170.13201141357422,3.314946507879237,165.97116088867188,172.5438995361328,167.36505126953125,172.46173095703125,5.0966796875,6.5727386474609375,0.019534759332875764,2.3571090698242188,5
BCS5__Cow_54,6,170.45240275065103,170.33349609375,0.924474205358604,169.31219482421875,171.77481079101562,169.86083602905273,171.02622604370117,1.1653900146484375,2.462615966796875,0.0054236501829251745,0.6257171630859375,5
BCS5__Cow_6_5051,3,170.52852376302084,171.63864135742188,3.1663418748723426,166.95660400390625,172.99032592773438,169.29762268066406,172.31448364257812,3.0168609619140625,6.033721923828125,0.01856781378857491,1.3516845703125,5
BCS5__Cow_7_6022,3,168.27837117513022,168.2646942138672,1.1929833007998591,167.09228515625,169.47813415527344,167.6784896850586,168.8714141845703,1.1929244995117188,2.3858489990234375,0.007089344236392095,1.1724090576171875,5
BCS5__Cow_8_NOTAG,4,170.34437942504883,170.58214569091797,2.3709111605349995,167.27029418945312,172.94293212890625,169.36155319213867,171.56497192382812,2.203418731689453,5.672637939453125,0.013918341001548545,1.4421463012695312,5
BCS6__Cow_11_07,27,172.7890738028067,172.82017517089844,0.8527330245225588,170.01153564453125,174.99644470214844,172.4841537475586,173.1766357421875,0.6924819946289062,4.9849090576171875,0.0049351096441186395,0.357879638671875,6
BCS6__Cow_12_2014,39,172.86019545335037,173.42953491210938,1.6745359503969435,168.5641326904297,175.27655029296875,171.8958511352539,174.10747528076172,2.2116241455078125,6.7124176025390625,0.00968722698713394,0.8712005615234375,6
BCS6__Cow_13_66,20,170.58494720458984,170.4461669921875,1.8824638808285878,167.83724975585938,173.14076232910156,169.15812301635742,172.4545135498047,3.2963905334472656,5.3035125732421875,0.011035345800886337,1.5089263916015625,6
BCS6__Cow_16_06,62,172.5554708665417,172.9491424560547,1.5717421010141674,168.40289306640625,175.2849884033203,171.9405517578125,173.71539688110352,1.7748451232910156,6.8820953369140625,0.009108619350758159,0.8949050903320312,6
BCS6__Cow_18,33,171.1127744732481,171.2468719482422,2.5719109807769835,164.81631469726562,175.80538940429688,169.9660186767578,173.09518432617188,3.1291656494140625,10.98907470703125,0.015030502478230099,1.8483123779296875,6
BCS6__Cow_18_32,46,173.04204592497453,173.2105941772461,1.3301830104780363,169.32107543945312,175.2635955810547,172.28345489501953,173.92827606201172,1.6448211669921875,5.9425201416015625,0.007687050874645582,0.7607421875,6
BCS6__Cow_19_29,52,172.28398836576022,172.424072265625,1.926841054927846,168.46774291992188,176.1863250732422,170.9601287841797,174.26370239257812,3.3035736083984375,7.7185821533203125,0.011184098262440661,1.5375137329101562,6
BCS6__Cow_24_08,22,173.635873967951,173.51089477539062,0.968290718100742,172.11129760742188,175.2386474609375,173.2107925415039,174.18392944335938,0.9731369018554688,3.127349853515625,0.005576559129016537,0.515838623046875,6
BCS6__Cow_26_6,9,172.20495775010852,172.91282653808594,1.82400252423118,169.0653839111328,173.69842529296875,172.591064453125,173.11102294921875,0.51995849609375,4.6330413818359375,0.010592044201642798,0.3217620849609375,6
BCS6__Cow_28_3083,18,172.63518948025174,172.99237060546875,1.4508205874541094,169.86325073242188,174.69371032714844,172.37643432617188,173.31600952148438,0.9395751953125,4.8304595947265625,0.008403967880604511,0.615936279296875,6
BCS6__Cow_29_NOTAG,34,170.05426115148208,170.1867218017578,1.7317180153553289,166.18321228027344,173.46414184570312,169.24205017089844,170.8769989013672,1.63494873046875,7.2809295654296875,0.010183326213817939,0.944671630859375,6
BCS6__Cow_2_6006,31,172.17654566611014,172.18832397460938,1.1238886665351877,170.20933532714844,174.46969604492188,171.3061065673828,172.69468688964844,1.388580322265625,4.2603607177734375,0.006527536385325478,0.5229644775390625,6
BCS6__Cow_32_34,7,173.8997519356864,174.16537475585938,0.7657462119305659,172.8438262939453,174.655517578125,173.4063262939453,174.4104461669922,1.004119873046875,1.8116912841796875,0.0044033772527390545,0.490142822265625,6
BCS6__Cow_35,24,173.07025591532388,173.11720275878906,0.6661611121788765,171.21624755859375,174.11004638671875,172.70535278320312,173.61471557617188,0.90936279296875,2.893798828125,0.003849079142199926,0.47603607177734375,6
BCS6__Cow_36,37,172.36244985219594,172.55953979492188,1.1147197669469069,169.46971130371094,174.39859008789062,171.66517639160156,173.15386962890625,1.4886932373046875,4.9288787841796875,0.006467300551267403,0.683258056640625,6
BCS6__Cow_36_1,46,171.89468018904975,172.05484008789062,1.2442362336815735,168.58584594726562,173.59033203125,171.59501266479492,172.80280303955078,1.2077903747558594,5.004486083984375,0.007238363818549607,0.701171875,6
BCS6__Cow_3_25,22,173.02938981489703,173.59262084960938,1.3814957364007945,169.70663452148438,174.24618530273438,172.64187240600586,173.96991348266602,1.3280410766601562,4.53955078125,0.007984168110854969,0.4770965576171875,6
BCS6__Cow_45_9025,31,169.01805951518398,168.68702697753906,1.8782529790322375,166.39739990234375,172.72979736328125,167.50962829589844,170.2533950805664,2.7437667846679688,6.3323974609375,0.011112735434425586,1.3302001953125,6
BCS6__Cow_47_68,31,171.25935757544732,171.37554931640625,1.4719633239426633,168.46377563476562,173.78407287597656,169.9882354736328,171.91844177246094,1.930206298828125,5.3202972412109375,0.008594936619998696,1.1450042724609375,6
BCS6__Cow_4_103,47,171.90354399985455,172.5045928955078,1.9875453899078808,165.6345672607422,174.1336212158203,170.93305206298828,173.3305435180664,2.397491455078125,8.499053955078125,0.01156198030396373,1.0114288330078125,6
BCS6__Cow_52_29,55,172.89986655495383,172.74942016601562,1.4655182983161665,170.46852111816406,174.87448120117188,171.70996856689453,174.31350708007812,2.6035385131835938,4.4059600830078125,0.008476110060214372,1.3477935791015625,6
BCS6__Cow_7_9008,19,169.19743588096216,169.03919982910156,1.7117642733791552,165.78176879882812,171.73416137695312,168.39662170410156,170.9744110107422,2.577789306640625,5.952392578125,0.010116963442539735,0.7479400634765625,6
BCS6__Cow_9_1044,36,167.89504920111762,167.93404388427734,3.109483598301057,160.8114776611328,174.2111053466797,166.30187225341797,168.8772430419922,2.5753707885742188,13.399627685546875,0.018520400768793834,1.4408187866210938,6
